,SA2,2005_income,2006_income,2007_income,2008_income,2009_income,2010_income,2011_income,2012_income,2013_income,2014_income,2015_income,2016_income,2017_income,2018_income
536,201011001,36768,38604,39326,42024,43672,49967,51670,52993,54625,56374,57747,60026,62315,63668
537,201011002,36495,38269,38960,41616,43323,57063,61177,63669,65507,67217,72754,71895,74671,77876
538,201011003,36910,38758,39424,42222,43918,46159,48947,50872,52024,53017,54660,56067,59786,60367
539,201011004,35005,36484,37339,39713,40968,40180,41918,43625,44722,45473,46143,47676,49041,50778
540,201011005,38861,39919,40464,43132,45539,51017,53538,55675,56765,58011,58292,60009,61565,63258
541,201011006,31588,32640,34074,35549,36101,40802,43298,45581,46312,48356,49260,50741,52199,54845
542,201011007,31262,32787,35425,36688,36384,44262,45270,47339,49268,50299,52010,54314,56172,59735
543,201011008,33373,34704,35914,36989,38227,39939,41696,43593,44267,45558,47310,47545,49104,50404
544,201021009,36401,36976,39087,40873,42980,47061,50218,51399,52574,54168,55485,57510,66628,61565
545,201021010,31552,33258,34646,38207,37011,40476,43597,44973,45298,45965,48087,50497,51504,52233
546,201021011,31163,32399,33303,35453,36977,41096,42418,43007,44634,45981,46610,49000,50440,52044
547,201021012,35038,36404,37776,39645,40338,44957,45825,48620,49888,52710,54516,56551,57960,60424
548,201031013,28481,29091,29975,30795,31530,32721,33238,34430,36570,39755,39128,41427,43798,46335
549,201031014,28914,29322,31996,32817,33782,36015,37839,37320,39510,41927,48944,45355,48542,49835
550,201031015,32036,33400,36292,36981,37014,39489,41814,43143,43803,45756,46709,48035,50394,52792
551,201031016,28545,29889,30363,31594,32034,36414,38101,39191,39450,40456,40883,42843,44231,45694
552,201031017,27249,28012,28360,28927,29186,33132,35649,36984,38189,38491,38558,40632,42490,44469
553,202011018,35593,37050,37155,39934,41646,44658,48021,49764,50960,52505,54347,55161,56944,59825
554,202011019,30099,31001,32101,34432,35405,37866,40336,41954,42756,43641,44850,45857,47779,49687
555,202011020,35592,37051,37161,39941,41649,47145,48835,51149,52387,54023,54515,55551,57894,60577
556,202011021,35592,37051,37158,39934,41649,44607,47467,49304,49064,51326,52722,53538,54870,57804
557,202011022,31737,33073,33553,35340,36355,39900,41968,43556,44458,46420,47181,48010,49833,51787
558,202011023,35855,37372,38553,41119,43371,46813,49457,51118,52207,54248,55423,56980,59251,60381
559,202011024,35867,37389,38582,41128,43398,51630,54394,57426,59180,61396,61390,62078,64329,66427
560,202011025,35752,37249,38094,40728,42853,43379,45791,47664,48548,50258,50746,51739,54304,56161
561,202021026,34135,36098,37165,39558,40958,47006,48891,49889,52418,54184,55570,57423,59455,60617
562,202021027,32230,34680,33881,35458,36760,40507,42126,43743,44849,45496,46478,48000,50841,52122
563,202021028,30519,32201,32439,34371,35755,39474,41137,42789,41706,43825,45274,48156,50249,51341
564,202021029,29969,30948,32145,33160,33979,37132,39319,40284,43281,44158,45047,46460,49637,52295
565,202021030,35758,38014,37939,41468,41092,46185,47268,48726,51634,51692,53300,56114,58009,60982
566,202021031,41104,43742,53531,48689,50960,56196,57842,60277,60928,63361,66263,68669,70793,73993
567,202031032,30504,30897,33712,34907,35610,40426,42158,44589,46148,49373,47205,50124,53186,53995
568,202031033,25519,26330,31121,27635,27521,33691,35570,39514,40013,40470,37386,43214,48536,49541
569,203011034,39120,41060,41898,43003,44476,49296,52564,53210,55113,55921,57412,59879,61746,64568
570,203011035,34930,36405,38310,38629,38529,43416,46344,47437,49454,50917,52873,54335,56477,58864
571,203011036,35034,37523,39231,40507,41228,46830,48483,49429,48701,51989,52879,54167,59172,62699
572,203021037,37424,39412,39614,42418,43877,44663,46221,48340,49792,49872,50759,51750,53674,56271
573,203021038,33060,34270,35343,36996,37816,40029,41552,42902,44191,44757,45572,46401,47323,48364
574,203021039,41839,44247,44621,47591,48528,53269,55308,56807,58455,61519,61780,63406,64680,67478
575,203021040,37623,39295,40048,42796,44381,48254,51040,53671,54610,56556,58308,60422,63102,65809
576,203021041,37423,39414,39614,42415,43877,44258,46767,48517,49425,50590,51567,53685,55567,57797
577,203021042,37526,39503,39905,42521,43925,61312,57021,59167,59660,62643,63056,64334,66089,69712
578,203021043,39809,42023,42704,45128,46843,50714,53609,55388,55624,56586,57985,60326,62036,63783
579,203021044,37353,37840,39478,41534,42218,45652,48272,49507,51019,52249,51721,53080,55093,56566
580,203021045,34655,36249,37298,39600,40290,40704,42384,43982,44950,45101,46082,47208,48159,50279
581,203021046,48623,51972,51750,55117,56512,65621,69703,69854,73628,76709,77266,79885,83648,85349
582,203021047,36676,37894,38240,40671,42836,45835,47804,48746,50618,52090,53699,55081,56636,59181
583,203031048,35886,37548,38211,39200,40636,43973,46171,47491,49036,49945,51334,56091,55036,55927
584,203031049,35153,37456,35748,38374,39035,42977,45995,46380,48628,49990,51308,54970,56809,58666
585,203031050,38085,40751,40756,43450,45409,50642,52785,54335,56976,58667,60270,62732,64215,66856
586,203031051,32299,34878,34920,35588,37263,40318,41979,44031,45238,47862,47632,49270,51822,53904
587,203031052,38336,41308,42063,45238,44451,49921,53193,55084,57043,56436,57128,56949,60224,62490
588,203031053,39889,42580,43070,46598,48553,53894,56781,57901,61020,63363,64149,64721,68034,71515
589,204011054,30221,30872,30859,32536,34250,38660,38781,38557,39171,41922,44044,45642,46205,48414
590,204011055,29054,28368,29826,31240,32400,36325,37901,38598,40612,42047,41192,43582,45870,46405
591,204011056,37077,38342,39230,40767,42145,46273,48076,50285,50762,52538,53586,55063,56871,59376
592,204011057,31757,30933,32231,32556,34042,38055,39051,39684,40695,42809,44328,47336,46772,49203
593,204011058,31336,33256,34275,35210,36783,40262,42017,43060,44905,47006,48331,50523,53483,56206
594,204011059,32439,33180,34972,37249,37752,41911,43619,44543,45874,45849,47073,48148,49885,51936
595,204011060,33452,35500,35329,38523,37779,46713,52530,49786,52533,53614,51078,55077,56193,58016
596,204011061,30712,32457,33275,35354,37173,32187,34209,35060,36649,37733,40418,40517,43071,45296
597,204011062,32826,33605,33940,34706,36065,38424,40221,40928,41724,44052,44684,45806,47070,49593
598,204021063,32052,33056,33427,36254,37160,40730,41734,43334,44302,45087,46545,47384,48684,50343
599,204021064,29073,28030,30247,31469,30928,36029,38082,38811,41059,41925,42566,43965,45396,46121
600,204021065,34880,35323,36666,37288,38827,43245,43670,45759,48054,50096,50197,50130,51788,53196
601,204021066,33134,34027,34553,37123,37674,41431,43536,45614,47226,48519,49352,51228,53216,54321
602,204021067,31814,31346,32569,34002,34823,38225,40225,41188,44686,46680,46567,46917,48495,50364
603,204031068,32983,34473,33765,35781,36705,42766,43344,43885,46172,48342,49679,49669,50023,51861
604,204031069,30380,32243,32797,34280,34586,36289,38178,39083,41666,43101,43429,44688,46724,48316
605,204031070,34396,35737,36477,38615,40278,44630,45175,46104,47467,49668,49832,50525,52982,53354
606,204031071,31007,31994,32134,34450,34546,38090,39138,40908,42256,44530,44838,45776,47691,49515
607,204031072,31003,30077,33975,34085,33983,40644,42750,41416,44243,46558,48292,47641,47150,50034
608,204031073,35983,37250,38080,40081,41385,45951,46606,48194,50906,52505,53465,53907,54887,57813
609,204031074,36145,37402,38497,40402,41676,44050,46987,48694,50410,51957,52449,53331,54529,56835
610,204031075,36549,37900,39681,40821,41749,46258,48253,48787,50222,52287,52727,54067,54936,57183
611,205011076,33009,33837,35536,36727,36799,41781,43397,43959,45975,47272,48051,49765,51698,53202
612,205011077,33530,35007,36286,37156,38259,44176,45464,45050,49289,50250,50019,50080,50686,52722
613,205011078,35417,36892,39515,40468,41177,47204,49429,49663,52033,53577,53125,53296,54698,57124
614,205011079,36331,38121,38542,40764,41639,46449,48585,49059,50933,52661,53105,54477,56425,58776
615,205021081,31956,33740,34361,35816,36591,41383,43072,44563,45576,47291,47799,47567,48731,50622
616,205021082,29660,31211,32064,33665,34834,36463,38459,40142,41359,43572,43560,45059,44548,44542
617,205021084,29668,31565,32888,34012,34946,38704,39567,40582,42802,43031,43737,44002,44329,46725
618,205021085,29350,30710,31889,32975,33553,37399,38380,38720,41697,42653,42313,45332,42589,43739
619,205021086,32167,33842,31617,34187,34994,37928,39731,41478,42348,42954,43640,45451,45800,47931
620,205031087,30593,30021,33599,33449,32199,39151,39660,37098,42784,44116,45396,44847,44045,47090
621,205031088,22613,22203,24317,22677,24585,26091,25761,22575,20473,22726,32979,27364,32022,21230
622,205031089,32304,31857,34911,35235,35429,41104,42395,41076,44788,45565,45760,47026,49538,49777
623,205031090,32623,33815,36248,36431,36597,43200,44547,43732,47549,48935,48679,49073,50610,53338
624,205031091,30926,33508,31692,33528,35646,39488,41203,40773,41917,42839,44175,45021,46341,48136
626,205031093,30707,31653,32291,33641,35620,41558,42933,40933,42411,44644,44740,45522,47392,49340
627,205041094,36618,38877,39995,41252,42355,50859,52920,54495,56746,58823,59033,59803,59177,60667
628,205041095,35200,36782,38284,40137,41630,46590,48380,50006,51882,52751,54157,53941,54040,56148
629,205041096,36127,38099,39331,40726,41754,44134,45699,47128,48380,50347,50309,50457,49917,50880
630,205041097,40809,43719,45358,47159,48344,54436,56592,59021,59735,62001,63479,62237,64109,66226
631,205041098,38933,41188,43582,44601,46416,53284,55251,58339,60210,62368,62311,62655,62653,64814
632,205051099,34443,33788,36308,35930,37435,28239,21836,18343,29169,26421,21788,30856,27804,33603
633,205051100,33240,34317,37004,38328,39700,46122,48516,50421,54142,57032,53852,55479,53400,55265
634,205051101,35032,35173,37412,37955,38238,44224,47039,47223,49793,52160,51220,51056,52197,53970
635,205051102,35278,34820,38834,37439,38513,44836,47644,44057,49586,52819,50816,48697,50211,49545
636,205051103,37524,38911,40222,43328,45036,50131,53076,55468,57487,59059,59544,58241,59498,62291
637,205051104,32446,31620,35994,34097,33978,40271,43052,43208,55079,54112,45827,44023,45840,48524
638,206011105,39847,41837,43541,46842,48107,52100,55600,57142,57814,60483,62220,63199,66873,68893
639,206011106,41300,43506,44791,47653,50107,55119,56729,58966,58886,61348,62429,64629,67534,70497
640,206011107,40077,42234,43932,46840,47687,52931,54723,56811,58040,60111,62038,62166,65111,70209
641,206011108,37704,39522,41133,43715,44709,49437,52155,54078,55109,57617,59523,61246,63488,66384
642,206011109,39756,42352,43388,46033,47627,52991,56047,58224,59553,62311,64988,66374,68803,72770
643,206021110,48508,51504,55602,58396,59914,63409,69140,68272,70623,72015,75345,76516,79356,84148
644,206021111,45049,48018,49199,53376,55498,60901,63804,65625,67212,70216,72087,75052,78691,82863
645,206021112,39073,41080,43923,45818,49555,53212,56189,57675,60048,60951,63037,65088,68016,71753
646,206031113,44879,47196,48951,51455,53536,61537,64141,66592,70171,71349,74690,76378,77927,80680
647,206031114,48832,51681,53282,56151,58967,65736,68576,71609,71885,74175,75208,77349,80759,82310
648,206031115,45445,48254,50072,52727,54027,53202,56232,57459,58532,60336,60826,61354,64204,67156
649,206031116,49472,52983,55038,58573,59861,65275,68691,71215,72264,74951,77508,78083,80195,81817
650,206041117,41363,43551,42956,46255,46594,50158,52772,55741,58137,57510,57023,56237,57176,59791
651,206041118,56900,62884,64625,64491,64633,69732,73182,71884,72349,72972,74153,68978,69260,71476
652,206041119,80524,87975,79947,90831,95349,105396,107768,104960,116888,114762,122960,124057,128069,132130
653,206041120,45443,48926,50412,53555,54137,55712,62218,71078,73763,79307,74294,75526,61137,63637
654,206041121,45569,48483,50314,53008,54147,63012,65024,67157,67891,69149,71707,73885,77638,81061
655,206041122,51052,53449,50094,50978,57408,56465,54738,54176,57011,53183,53292,51261,51528,52476
656,206041123,43585,45320,47056,50320,51960,54967,56228,57669,59378,60656,62713,62117,65142,66723
657,206041124,52708,54333,51256,53899,56616,64303,63964,69002,66053,67371,69759,67230,66765,72420
658,206041125,71733,77763,74770,82608,81303,109471,102855,106727,127605,122899,125079,125363,135941,134432
659,206041126,54551,61427,62827,67588,64954,76885,71516,73232,74154,73998,75285,72915,73634,75071
660,206051128,76832,83996,80569,88033,91871,101191,105550,107915,112261,111338,115049,115981,117352,120412
661,206051129,56211,60163,62655,65094,67563,74196,77845,78251,81065,82347,85843,86143,88876,92171
662,206051130,66623,70915,72021,75295,79347,85293,87824,93019,95573,97221,97667,101555,107132,107727
663,206051131,71994,66438,73262,73366,78334,90766,86036,95756,83268,132566,224340,116157,87256,70348
664,206051132,61242,67480,65682,70876,71064,82798,88106,87449,87266,89607,93443,91651,94718,94237
665,206051133,53841,57318,57188,60912,61456,63720,65742,66453,69260,70022,72672,70774,75745,77755
666,206051134,47410,50761,50709,53498,55450,56503,59557,60990,62108,64847,66049,66865,71332,73537
667,206061135,75018,80385,76913,82507,89534,92214,95768,99631,106695,109684,113429,112884,107488,111629
668,206061136,54564,59583,58920,61706,62905,68847,69781,72231,72739,76455,73899,78362,83932,88528
669,206061137,72142,79219,76794,83749,81799,85017,82858,83613,90398,92141,93430,86909,92513,94748
670,206061138,121175,136444,130117,133180,132252,149052,148362,146406,161878,164156,168104,175696,177645,188906
671,206071139,45910,50173,50188,53880,55691,59621,63043,65938,63884,65878,69588,72002,75384,78181
672,206071140,53352,58034,55585,58552,60978,67919,71065,73098,76703,80015,79372,80741,82747,88807
673,206071141,43297,45341,47256,51058,53727,57944,61109,62028,64475,64144,67310,69726,73036,77705
674,206071142,49069,53575,53384,57904,58172,62772,66487,70405,72296,72607,76425,80755,83189,86036
675,206071143,54852,57887,57899,60829,62813,67362,71647,73041,76502,78388,80634,83788,87614,93200
676,206071144,51711,55747,57287,60828,61869,68504,71718,73467,77062,78977,81317,83132,85193,87699
677,206071145,53081,56114,57305,60193,62047,74313,76471,79710,80797,83429,85217,87736,94560,99558
678,207011146,48174,50730,51726,54347,56389,67845,72098,76336,81790,83774,87828,92036,93355,96229
679,207011147,62844,66683,65032,67718,70429,77115,81028,82777,87150,87289,86646,85026,86736,88497
680,207011148,52726,56578,55142,59199,61414,67979,69737,71711,72756,75666,76077,79274,79364,82641
681,207011149,65088,70792,69091,74221,76302,85242,87150,90295,94918,97213,96748,96292,97237,101491
682,207011150,62088,65792,67064,71093,73405,80271,84499,87597,90923,92364,95526,97748,98877,102153
683,207011151,70914,75520,73979,78766,80851,89721,95184,96673,99132,98938,102144,97905,99465,104364
684,207011152,67873,72102,70049,74985,76118,82058,85026,89435,90165,92283,94956,94680,94263,96461
685,207011153,74148,81490,80136,83812,86430,94041,97256,100950,103845,103505,106035,108682,108907,112542
686,207011154,56326,60061,59835,63209,65518,71894,74386,76520,82586,83706,84910,87263,89125,92805
687,207011155,74976,80342,78400,81099,82897,91519,98718,96629,105272,105527,111065,110484,115344,112088
688,207021156,42045,43994,44435,47298,49098,53339,55099,57460,58040,61456,62589,62169,63983,65889
689,207021157,41702,44080,42356,45380,45703,50406,51572,52619,53499,55545,57895,57534,59361,59387
691,207021159,53909,59063,56709,58833,60392,66783,69905,71111,72672,73443,73686,74005,75928,80019
692,207021160,42500,45189,43920,46662,47539,51892,53977,56291,57906,59467,61035,62193,62627,65252
693,207031161,43488,45894,45841,48258,49788,55687,58672,60949,62466,63711,65382,66107,68474,71176
694,207031162,43491,45897,45837,48263,49784,50743,53310,56287,57535,59152,60600,60483,61704,64623
695,207031163,40574,42663,42316,44491,47658,50170,52535,54283,55332,55951,56502,53861,53975,55498
696,207031164,42781,44817,45175,47848,49815,53736,56240,57688,59763,61082,62143,62894,64453,66473
697,207031165,42446,44940,48950,46109,46815,49034,50544,52698,53421,53726,53645,53303,53470,54445
698,207031166,37601,38993,39248,40658,41134,44338,46745,49250,49256,50618,51931,51966,53465,54272
699,207031167,59753,63450,63282,67180,68972,76486,75737,78736,82193,83760,84284,86366,87699,90542
700,208011168,60294,63561,62090,65854,67848,74735,77676,80358,84379,87199,89193,90674,92062,95080
701,208011169,87854,97619,92762,97052,101776,113694,116749,118592,126031,126939,128527,128678,136482,137864
702,208011170,59584,64385,63697,67061,70118,75248,80894,82818,85995,90497,92593,95730,100390,102102
703,208011171,42144,45501,47163,49245,50902,57901,60771,63763,66158,67765,70478,72159,75767,78867
704,208011172,58626,63271,63557,68632,70728,79817,81481,84517,88632,91060,94258,95772,100880,103087
705,208011173,62651,67199,67686,71204,72899,82277,84671,87245,90711,91972,93302,96801,100966,103258
706,208021174,45563,48100,49566,51739,53734,59589,61828,66383,68627,69346,70899,72884,74073,77352
708,208021176,41968,44297,45110,47552,49142,54260,56431,59517,61256,62798,64244,65090,66873,68783
709,208021177,56892,61971,61754,63762,67943,74208,79252,81708,86392,89898,90900,93254,92598,96525
710,208021178,53248,58866,56279,60205,62969,67414,69808,71423,74687,75945,79822,80622,82784,85610
711,208021179,53727,57435,60540,61868,64472,71716,75791,77546,83299,84113,85428,89585,90346,91653
712,208021180,38742,40941,42376,44692,45590,52157,55469,56837,59027,61188,63361,64894,66808,68106
713,208021181,41967,44303,45107,47556,49147,56234,59056,61585,62636,64524,66211,67878,69958,71876
714,208021182,44030,46466,47695,49954,51799,53317,57070,58519,60836,63522,65292,66702,68150,73355
715,208031183,41868,44785,46671,48945,51063,51968,55078,57510,59481,60693,61470,63551,64877,67290
716,208031184,42663,47389,46241,47110,51464,79658,75205,85136,79921,89884,75365,73973,88033,79890
717,208031185,44994,47721,48615,51438,52566,58059,59292,60892,60312,63178,64371,65850,68945,70124
718,208031186,37593,39774,41653,44563,45761,49784,51686,53625,54938,57138,59615,61711,65349,66780
719,208031187,37592,39776,41653,44560,45764,46104,47880,50700,52422,53030,55104,55673,58104,60259
720,208031188,40197,43139,44193,46283,47179,49734,51900,54121,56079,57620,59713,62833,64774,66835
721,208031189,39934,42525,44422,46971,48701,54433,56328,58121,61504,63263,65331,67797,71182,74348
722,208031190,44320,46799,46952,49730,51038,55353,57505,59735,61707,63452,65598,66945,68079,72211
723,208031191,40677,43062,44509,46767,48351,52906,54596,56218,57775,59224,61236,62469,64276,67816
724,208031193,41863,44783,46673,48948,51061,56333,58286,61092,63310,65706,68029,69800,73482,75133
725,208041194,73616,80842,79465,82983,85344,92796,96937,98413,104655,107213,110207,108873,114118,119392
726,208041195,62936,66017,66349,69478,72103,81621,82678,86103,88953,92445,92240,94521,98625,101673
727,209011196,35610,36782,38291,40853,41344,45570,47332,48925,50038,50596,52573,53355,56074,57562
728,209011197,41364,43010,44223,46738,48343,52354,54124,55862,57505,59493,61861,63308,65342,68139
729,209011198,47520,51013,50382,53973,56660,56197,58573,60831,62707,64512,65733,64034,71117,75052
730,209011199,34845,36686,37680,39562,40398,44118,46532,48158,49242,50688,52693,54413,56266,58067
731,209011200,55825,63024,59870,63447,66867,70765,70792,74458,75535,81418,81344,83451,88705,91080
732,209011201,51646,57011,55144,58759,61739,85855,88559,89719,94634,99064,101104,105028,109674,111558
733,209011202,43437,45840,46586,49784,51693,56240,59762,61082,61855,64249,64583,68612,70820,74701
734,209011203,44054,46699,47302,50239,52749,51784,54837,56794,57897,59526,61468,63094,64718,67142
735,209011204,37779,39764,40759,43532,45227,48852,51748,53839,55158,57137,58456,60045,61633,64366
736,209021205,37181,38536,40111,42657,43570,51358,52646,54756,55228,56239,57615,56804,56812,57677
738,209021207,34094,35545,36849,39116,39703,42171,44051,45557,46485,47756,49016,50178,51497,53779
739,209021208,34092,35536,36845,39112,39694,43911,46318,47724,48688,50164,51818,53200,55123,57143
740,209031209,46835,49304,50056,53187,55217,59965,62005,63799,64881,66670,69362,71145,73534,76105
741,209031210,40393,42877,43989,46700,48712,49756,54560,54558,56326,55951,58656,59983,64296,64704
742,209031211,35503,37246,38129,39744,41388,44082,46711,50102,49775,50928,52004,54016,55315,57563
743,209031212,43737,47138,47258,51562,50761,55917,58735,64101,63187,62117,63572,64443,68166,67835
744,209031213,43790,47178,47329,50722,53002,60524,63832,66138,68118,70182,71079,75061,76598,77353
745,209031214,50756,55144,53725,57206,58797,70666,71342,71791,72134,74566,77915,79708,80173,82654
746,209031215,42743,44764,45762,48566,50635,55023,57287,60084,61040,62274,64015,65796,67781,71001
747,209041216,35604,36790,38292,40855,41338,48433,49375,52498,53203,53482,54954,56560,57965,59120
748,209041217,35608,36790,38290,40851,41340,43386,44172,45775,46029,47075,48083,48100,49927,51512
750,209041219,31380,32353,33913,35760,35939,38563,40445,41906,42567,43995,45109,46445,47815,49055
751,209041220,36463,37762,39091,41314,42383,45956,47237,49353,50157,51817,53222,54719,55737,57395
752,209041221,36464,37762,39088,41311,42384,44681,45925,47892,48882,49783,51092,52079,53472,54841
754,209041223,31960,32807,34363,35913,36501,38937,40702,42459,42620,43347,44276,45131,46808,48638
755,209041224,37859,39856,40664,42646,43566,47572,50215,52144,52715,54500,56066,56480,58517,60365
756,209041225,38279,40767,41738,42075,43861,49126,51324,52045,52943,54708,55654,58420,61101,62590
757,210011226,37928,39786,41772,44869,46092,48357,50527,52510,55197,56238,58809,60758,63576,65204
758,210011228,43328,44897,45912,49067,51194,54735,56480,58509,60503,61573,63481,65532,66759,68758
759,210011229,37754,39801,40647,43648,44572,48456,51527,53187,55045,56196,58596,60289,62902,64732
760,210011230,40571,42661,44625,47674,49253,54598,57441,60293,62172,63812,66537,67447,69816,72021
761,210011231,45746,49202,49302,51658,54595,61172,63796,66347,68570,70354,74103,75026,78306,80320
762,210021232,43746,45843,47123,49344,51240,55742,59012,59480,61950,63791,66530,69011,71287,73269
763,210021233,49413,54000,54915,57873,63364,65433,66825,68389,74070,76908,75926,82834,84900,86005
764,210021234,41805,43135,43568,46764,46913,51881,53878,55471,57388,60122,61048,62928,65578,66647
765,210021235,38999,40774,41666,44216,45395,49420,52334,54008,56307,57397,58012,61204,62830,66049
766,210031236,37710,39528,41143,43720,44720,45005,47111,49785,51114,53727,55706,57651,59756,62422
767,210031237,31942,33193,33931,36180,37180,39767,41445,43156,44046,44824,46888,47835,49407,50646
769,210031239,38524,40825,41884,44342,45741,50626,52898,55157,56207,57658,60036,61327,64174,66617
770,210041240,40177,41920,42654,45202,46506,51675,53330,55429,56560,57628,59327,60473,62313,66106
771,210041241,39764,41396,42346,44880,46021,49363,51694,53352,54450,55400,57266,57771,60086,62355
772,210051242,30425,30414,31557,32975,33243,35336,36815,38096,39141,39139,39778,39929,41320,42128
773,210051243,30548,31143,32015,33636,35266,35844,37648,38406,39456,39539,40884,42682,42703,43784
775,210051245,37521,38778,40165,42765,43915,45742,47943,49342,50380,51625,52529,54159,55799,58060
776,210051246,41476,43068,43665,46707,48167,51923,54218,56746,57732,58807,59687,61184,62773,64890
777,210051247,30233,30810,32053,33892,34260,36125,37558,38745,38364,38787,40621,41252,42233,42973
778,210051248,47031,44533,46049,46799,50782,34458,43278,44194,63443,60286,54253,62576,60466,62743
779,210051249,36890,38101,39272,41234,42100,40968,42678,44638,44762,45638,46364,47044,48045,49418
780,210051250,37013,38283,39472,41764,42824,45258,47699,48539,48879,50120,52443,53305,55024,57393
781,211011251,35605,36868,38446,40608,41914,44736,47152,48405,49025,49782,51402,52117,53822,55155
784,211011254,37692,39321,40249,41615,43188,46905,48689,50301,51216,52430,54481,55621,57632,59267
785,211011255,39791,41419,42242,44352,45858,60318,62414,64145,65968,66994,68255,70468,73149,74331
786,211011256,41226,42820,43780,46193,47623,49158,50793,53825,54602,55374,56749,57342,59141,60538
787,211011257,41201,42795,43747,46159,47590,51631,54030,56208,57360,57723,59156,59852,62102,63522
788,211011258,41227,42822,43782,46189,47626,53378,55538,56744,57383,58505,60338,61937,62929,64508
789,211011259,39533,40978,41828,43910,45249,48380,50845,51885,52519,53131,53555,54898,56387,58059
790,211011260,39548,40998,41845,43924,45260,50158,51696,53168,54449,56746,56448,57115,58190,59391
791,211021261,53326,56541,53266,56390,58571,64722,66069,68951,71817,71993,73651,73972,75886,78219
792,211021262,53261,60009,56931,59784,62601,70957,74095,76165,77847,78959,80970,84300,85193,93733
793,211031263,35828,37240,38671,40737,42047,47397,49461,51127,51776,53612,55062,56324,58008,59653
795,211031265,39393,41608,42138,44151,45748,53649,55926,57803,59091,60846,62295,63648,65765,67833
796,211031266,41198,43736,43611,45911,48053,47292,48976,51218,51438,52529,53644,54646,57209,59805
797,211031267,39093,41135,41551,43719,45203,49501,51449,53089,54787,56319,57598,59038,61542,63755
798,211031268,41353,43915,43740,46054,48208,54959,56306,57804,59624,61510,63355,64903,66752,68585
799,211041269,38087,39956,40747,42900,43699,46475,48346,50118,51865,53047,54661,55585,56685,58772
800,211041270,40698,42801,43544,46067,47353,51899,54323,56170,57919,58694,60800,62012,63593,64868
801,211041271,38089,39960,40744,42894,43703,49013,54303,52672,54845,56512,57596,58876,61162,62970
802,211041272,43097,44693,45271,46934,47431,50660,51678,53759,55104,56209,58029,58903,60317,62732
803,211041273,43105,44700,45285,46941,47428,53200,54755,55675,57662,57297,57348,59615,58813,60989
804,211051274,39064,40833,42340,45173,46622,51823,52548,56827,57724,57829,60101,62727,63939,65762
805,211051275,39980,41934,42258,45484,45129,48876,50597,52005,52654,55582,56401,57778,61025,63008
806,211051276,35094,38920,37181,39442,40986,44112,45973,47835,48648,50435,51926,52092,54324,57853
807,211051277,36568,38419,39382,41158,42454,44291,45556,47447,48831,50555,52339,53601,56374,58564
808,211051278,38367,39909,40780,43206,44924,48089,50522,52146,53860,54572,56680,56658,61266,64199
809,211051279,34963,36133,36933,38180,40630,44474,46331,48378,49821,51672,54301,56035,57893,59441
810,211051280,40318,42658,43025,45553,47015,49416,52050,53788,56147,57433,57487,58637,60518,63960
811,211051281,36841,38192,39499,41850,43228,46592,48407,50190,51586,52451,54537,56125,58240,60458
812,211051282,41847,44490,44501,46714,47866,52965,54980,56057,57643,61502,62166,62514,64485,66833
813,211051283,35917,37667,39232,41159,42760,45791,48138,49368,50432,51878,54262,55022,57467,59571
814,211051284,37971,39744,41278,44223,44887,48041,50183,52680,53928,55757,57484,58940,61182,63843
815,211051285,35886,37753,38305,40286,41909,46802,50425,50507,52672,54421,55506,56818,59851,62363
816,211051286,33054,34858,35487,37675,39320,41691,43363,45172,45089,46264,47804,49383,51519,53041
817,212011287,42192,44225,47989,49507,51196,55010,57401,59540,59640,59704,60094,60920,63819,64566
818,212011288,35642,36857,37592,39415,40621,44465,46350,47641,48754,50989,52242,53570,55563,58390
819,212011289,38887,41285,41698,43899,46465,50377,53243,54075,55906,57451,58802,60040,62741,64352
820,212011290,33405,33916,35555,37639,38146,43109,44299,45186,45962,48738,50963,52552,52632,55406
821,212011291,35558,37705,38840,40696,41918,44203,46153,47719,48394,50395,51324,52501,54167,56386
822,212011292,35557,37707,38837,40698,41919,44899,46650,48524,49905,50788,51603,52076,53761,55195
823,212021293,42524,45163,45867,48064,50239,57089,56841,59054,60245,61253,62277,62974,65386,67504
824,212021294,42497,45120,45851,48040,50197,50976,52956,54584,55536,56607,58458,59411,62656,62947
825,212021295,30643,31306,32130,32470,33014,35797,37326,38219,39454,40218,40422,41075,42827,44333
827,212021297,34135,35184,36980,39239,39427,41792,44317,45587,44914,45954,46890,48566,48718,49650
829,212021299,44974,49550,48634,54615,56608,61022,64820,64414,66234,66626,68147,69624,76893,75166
830,212031300,35776,37399,38924,40894,42612,42257,43391,44983,45305,46225,47212,47948,49556,50926
831,212031301,35915,37708,39185,41170,42661,46724,48838,49909,50486,51666,53035,54500,55599,57299
832,212031302,35779,37402,38924,40894,42610,45260,49872,48517,49294,49857,50871,52312,53835,55382
833,212031303,36237,38401,39787,41837,42787,51476,53388,53877,55209,57295,59079,60548,62305,63115
834,212031304,35773,37404,38925,40899,42607,41966,43922,46420,47553,49097,50282,51173,52342,53615
835,212031305,34282,34929,36090,37084,37897,40204,41758,43203,45464,44866,45537,46356,47769,49343
836,212031306,39207,40296,42349,44321,46408,48796,49931,50899,52696,53291,54456,57186,56742,58091
838,212031308,35890,38135,38691,41060,42450,46316,49641,49863,51341,52514,54312,55725,59045,61900
839,212041309,34411,35695,37021,38928,39639,44001,45839,47923,48417,49361,50894,51783,53359,56552
840,212041310,32509,33609,34920,36731,37105,38796,40444,42365,43179,43562,44841,45685,47345,48608
841,212041311,31904,32960,33737,35186,35649,37105,38539,39945,39413,41083,41195,42502,44205,45908
842,212041312,31900,32953,33728,35175,35636,39658,41331,42893,43647,44792,45530,47033,48722,50071
843,212041313,37487,38621,38805,40391,41043,50768,52974,54069,55057,55913,57114,58626,60172,62320
844,212041314,34821,36813,38006,39692,42461,44010,46107,47574,48891,50347,51544,52990,55823,55646
846,212041316,32179,32922,33478,34928,35104,40887,42711,44624,44934,45570,46360,47407,48684,49562
847,212041317,30023,30395,30951,31524,32988,34444,36382,37805,38965,39915,40075,40442,42139,43017
848,212041318,37488,38626,38808,40394,41045,37104,38269,39249,40109,41277,42129,42777,43909,44576
849,212051319,41770,43506,44163,46238,48553,50539,52994,55781,56494,57887,59966,60464,62564,64346
850,212051320,30734,31627,32207,35591,34738,37727,39814,42192,43959,44558,45882,45295,44622,44292
851,212051321,43092,44832,43504,46188,47475,50802,52770,54371,56181,57308,57578,57032,58082,59969
852,212051322,43094,44830,43505,46188,47477,47824,49669,52032,53771,54943,55974,56209,57462,58106
853,212051323,43647,46027,44289,46646,47694,52513,54968,57360,59390,60437,61627,62027,62757,65772
854,212051324,43648,46032,44289,46643,47693,51599,54589,57259,58549,60098,61544,62081,63883,66472
855,212051325,37482,39339,40231,42657,43373,47678,49837,52206,53413,54180,56306,57228,58047,59299
856,212051326,38304,40357,41820,44124,45170,47966,50414,52561,54252,55850,57566,58785,60602,62619
857,212051327,43093,44829,43504,46186,47477,56987,58925,61070,61619,63295,64261,64230,66880,68610
858,213011328,33520,35074,36450,37922,37786,38903,41377,42635,42814,44318,45369,46639,48816,50078
859,213011329,37783,39413,41177,43601,44430,45685,47665,49575,50440,50221,51356,52140,54391,54470
860,213011330,38761,40575,42196,44570,45481,43733,45927,47451,48190,48829,50358,50950,52634,53966
861,213011331,37960,39208,40686,42563,44160,42100,43188,44225,45223,46129,46682,48203,50446,50783
862,213011332,37053,38600,39934,41752,42757,44834,46619,47747,49133,50040,51526,52925,53880,55820
863,213011333,32169,33171,34133,35659,35720,38801,40203,41666,42194,43171,43746,44438,45976,46226
864,213011334,32102,33087,34031,35538,35565,36741,38432,39255,40024,40164,41248,41719,42113,43682
865,213011335,32106,33095,34041,35548,35577,36824,38481,39769,39800,40201,40985,41241,42876,43468
866,213011336,32520,33742,34635,36434,36554,39412,41244,42997,43701,44873,45577,46975,48530,50119
867,213011337,32526,33742,34636,36436,36555,38320,39925,40835,41048,42069,43411,44155,45528,47322
868,213011338,32525,33740,34637,36434,36557,39714,41769,43589,43523,44511,45099,46262,47974,49129
869,213011339,37955,39210,40686,42563,44164,44960,47182,48485,48842,49907,50975,52299,53949,55512
870,213011340,38182,39864,41304,43231,44464,49354,51466,53019,54819,56362,57854,59646,61177,63463
871,213021341,40353,42867,42517,45150,46560,51245,53651,56677,58832,60523,63487,65344,69301,71989
872,213021342,37422,38715,39999,41687,42197,45589,47895,49950,51047,52065,53879,55384,57686,58832
873,213021343,36219,39497,40453,42454,43122,46386,49073,51067,51367,53867,56631,58728,61391,65402
874,213021344,45235,48260,48942,54284,55668,60778,64056,66402,69088,72132,75204,76882,80219,83403
875,213021345,37424,38714,39994,41681,42191,48711,52017,52420,53181,54966,56983,57349,60249,61171
876,213021346,54985,58481,58068,62356,64547,71487,74167,77761,79946,82819,85094,87460,90668,94350
877,213031347,34101,35275,36912,39399,39887,41164,43181,46129,46384,47351,48696,49839,51530,52895
878,213031348,36482,37360,38467,41170,42943,42600,45491,46902,48180,49954,50887,52664,55519,57701
879,213031349,44880,47190,48950,51456,53536,54310,57558,59017,59733,61104,62096,62566,64646,66404
880,213031350,36635,38005,39443,42187,43745,57518,59896,61714,63637,65726,68694,71878,75083,78218
881,213031351,36457,38579,40523,43189,44327,46517,48643,51242,52318,53792,55182,57404,59885,62995
882,213031352,44732,47113,50175,53475,55554,60265,63528,66799,68348,70906,73604,76250,79585,83130
883,213041353,38142,39263,41050,43134,45090,49217,51644,54245,54730,56788,57892,59609,61650,63288
885,213041355,37823,39082,40588,42481,44080,49630,51590,53775,54863,56371,58097,59363,60105,62404
886,213041356,36927,38013,39385,41379,42127,44542,46372,47027,47849,48924,49934,50733,51938,53740
887,213041357,35739,37552,38492,40389,41623,44470,47528,49117,49950,51038,52228,53067,54596,56150
888,213041358,36927,38015,39388,41377,42127,45941,47514,49033,49871,50588,52062,50053,54310,55312
889,213041359,35501,36971,39146,41474,42745,43594,44270,46831,46375,44269,45895,47870,62969,57008
890,213041360,37912,39242,40787,42784,44214,49507,51766,53770,54798,55529,57623,58907,61123,63364
891,213051361,38964,40334,41764,43570,44029,47326,49067,50554,51032,51837,52778,53595,55029,56365
892,213051362,38960,40333,41765,43573,44029,45606,47172,48087,48482,48852,49584,50331,51319,51933
893,213051363,38528,39452,40488,42458,43558,41988,44954,48546,49498,51350,53119,53966,55310,57128
895,213051365,38965,40340,41767,43578,44036,48541,50375,51656,51925,51974,52736,53405,54321,55002
896,213051366,39438,41091,42282,44339,45356,47806,48636,50103,50675,51184,52085,53233,54134,55425
898,213051368,40974,43286,44618,47005,48141,48916,50479,51657,53289,55336,56628,59566,61353,63382
899,213051369,39328,41067,42364,44277,44670,47844,50036,51816,51787,52420,52906,54340,56229,58036
900,214011370,35303,36495,38106,39672,40512,44115,45512,47380,47867,49477,50904,52676,54305,56480
901,214011371,36278,38056,38373,40460,41748,43231,44700,45871,47278,48821,50154,51374,53259,55331
902,214011372,34729,36239,36678,38830,39636,38817,40385,42244,43418,44485,46156,47373,48577,50401
903,214011373,36278,38054,38372,40460,41747,51615,53503,55559,56335,58368,60479,62648,65367,66992
904,214011374,37930,39929,40987,43266,44500,48210,50407,51808,52681,54106,56491,57630,59972,62128
905,214011375,34905,36216,37527,39656,40971,43870,45821,47199,49147,51114,52799,54633,56528,58360
906,214011376,35777,37398,38925,40895,42613,51490,54278,55979,57690,58985,60865,62010,64367,65813
907,214021377,33249,34807,35095,37260,39295,42105,46850,47982,49683,51660,53257,55235,57195,59787
908,214021378,47602,54510,50181,53524,53947,60621,63789,70856,66490,71278,72129,75861,77756,82179
909,214021379,36740,37932,38679,41317,42249,44494,46683,47392,49479,50661,52497,53957,54913,56871
910,214021380,37877,41007,40777,44590,43980,47445,49575,50799,53760,55845,57247,58594,60236,62275
911,214021381,51455,55846,53633,58383,59394,65657,67975,71257,75347,76527,80314,81583,83275,86317
912,214021382,42628,44767,44144,47111,49226,54014,56175,57705,60186,62304,65677,66615,68706,71478
913,214021383,39071,41569,37181,41806,42168,45563,47878,49674,51972,52866,57056,59717,60284,61551
914,214021384,30598,32737,31775,34228,35412,37547,39580,41055,42342,43618,44985,45524,47756,49287
915,214021385,37004,39090,39747,41989,43798,47028,49251,50784,51687,53264,55030,57071,58976,60475
916,215011386,31200,31765,32659,34352,35193,40239,41364,42910,44165,45508,46667,48023,49151,52280
917,215011387,31926,30400,36658,37434,35029,39508,41941,43026,47845,46190,43248,52625,50571,60456
918,215011388,33380,33923,36997,37647,37617,42487,44525,46660,48541,48234,48270,50607,52518,54821
919,215011389,30013,25458,40018,33847,32912,43308,42724,48852,53622,41665,34273,47772,54219,58755
920,215011390,27949,25400,37576,29254,32416,45351,42365,44483,52304,47671,37437,48226,56733,64105
921,215011391,28072,28575,30833,30125,30853,38317,39751,40199,41805,41146,38690,43571,47995,49211
922,215011392,31224,32289,33171,35441,37172,41163,43445,43786,44953,45332,45445,47333,48418,52296
923,215011393,26302,22111,33983,30570,29029,40482,39401,38588,40470,41891,43613,49644,50581,65775
924,215011394,28222,26254,35245,30792,31165,49209,46367,52964,53491,40333,38594,50845,58228,52472
925,215021395,31629,34015,34575,36370,37821,39480,43666,46367,47422,49328,52071,52869,55398,57883
926,215021396,29159,29363,30877,31333,33192,35602,37943,39557,41105,42870,44622,45428,46796,50054
928,215021398,25018,28310,39111,30377,31290,44477,38865,37101,39143,45703,45361,48610,50768,48655
929,215021399,26139,28928,31276,29280,29328,34504,37235,40200,41675,42376,42842,45331,45559,46797
930,215031400,25496,25314,28970,26040,27867,39737,40314,45288,42337,35217,34389,45741,50300,47398
931,215031401,31614,31051,31616,29091,29094,35359,38548,40112,42508,42241,40336,40195,46320,46093
932,215031402,28169,28907,29817,27327,27787,33496,36066,37777,39225,41104,40481,42497,46432,47530
933,215031403,31216,34872,34853,37187,37953,37375,39786,41721,42515,42545,50750,53559,54055,56673
934,215031404,32500,35276,36019,35938,37238,42099,45580,47147,48074,47781,48445,50470,53675,54265
935,215031405,27777,32039,34836,32788,32934,39204,40087,43040,43231,44924,43380,48133,51610,52912
936,216011406,33933,35092,35271,36365,37904,41975,44672,46212,47640,49893,49745,50825,52698,54500
937,216011407,33080,30940,33010,32859,32386,36567,39679,39149,42390,43292,42824,44236,46980,47559
938,216011408,31269,30355,32330,31418,30825,34143,38508,38682,44242,44128,41334,42911,47050,47199
939,216011409,32217,31455,33793,32866,33078,39076,44101,44121,46407,48841,44881,45162,49474,48071
940,216011410,29047,28119,31014,30174,30151,33600,35703,36385,39750,42355,39370,42515,45788,45311
941,216021411,32649,32994,33045,34000,34227,38724,40774,42150,44662,47091,48271,49203,49449,49895
942,216021412,27741,26855,29314,29019,29764,40052,36076,43121,43259,45237,41955,42397,48208,49207
943,216021413,30176,29547,30859,30226,29600,34444,38126,38269,41703,43995,41316,41874,44383,45853
944,216021414,31447,32370,31747,34498,35676,39960,42769,43621,46131,46270,46072,47691,48313,49703
945,216031415,31421,31787,32176,33904,35759,38353,41042,41694,42984,44280,45198,46551,47317,47974
946,216031416,33878,34956,35465,37722,38392,45434,46875,48366,50098,52266,52861,54553,56418,58566
947,216031417,34333,35419,36200,38392,39486,40831,42820,44173,46370,46865,47888,48325,50116,52040
948,216031418,31434,30660,33849,34118,35101,38776,40436,43632,44865,46452,46919,45340,48209,48347
949,216031419,31753,31279,33591,34446,35048,37517,40447,41168,42393,44297,44486,45870,48350,50822
950,217011420,31546,33713,35617,37224,35305,43072,43548,40206,43503,47358,49529,51261,50806,53252
951,217011421,34332,35529,36282,39010,37900,43067,45139,44957,45075,47235,47314,48303,49549,52803
952,217011422,37654,39296,40932,42195,42034,46398,49852,50494,52280,53675,53527,54003,55632,57119
953,217011423,27025,29487,33412,33939,34336,45736,43695,34943,40690,43794,45457,51223,57001,55594
