school_long,school_lat
146.6666,-38.61771
142.59039,-38.38628
143.47565,-37.0845
145.23472,-36.90137
145.21398,-37.74268
144.3421,-38.17067
144.44312,-37.67303
143.85394,-37.56401
146.88982,-36.12921
145.35442,-38.04409
143.38172,-37.43852
145.05463,-37.96861
142.65084,-38.34794
144.87834,-37.83842
142.03989,-37.53087
143.59834,-38.33722
144.22233,-37.0666
144.20466,-37.09293
143.89156,-37.42411
144.24986,-36.73321
145.26983,-37.60232
142.4668,-38.36634
144.95965,-38.33964
145.12967,-37.7868
144.74746,-36.1282
145.1478,-37.72498
144.25426,-36.72058
144.3329,-37.105
145.25824,-38.00176
144.93392,-37.78067
144.89267,-37.79838
144.58844,-37.49086
145.00947,-37.94704
146.98292,-36.76886
144.34776,-38.19764
145.01838,-37.82011
145.0678,-37.7547
142.02138,-37.74491
144.70685,-36.92401
144.31708,-38.17216
144.3344,-36.66254
144.263,-38.33364
146.6066,-36.14707
144.46269,-37.24889
144.74538,-37.35418
143.98214,-38.01399
144.15675,-36.8416
144.13537,-36.73568
144.58413,-37.40479
143.86837,-37.60474
144.58702,-37.68046
144.98151,-37.7996
144.06719,-37.10592
143.98443,-37.41202
145.15181,-37.85973
144.59658,-37.46289
143.64428,-38.19397
144.92104,-37.7531
144.96821,-37.7413
142.29133,-37.87918
144.34632,-37.61972
145.09224,-37.5946
141.59941,-38.3473
142.77378,-37.05613
146.46061,-36.05621
144.67978,-37.46122
143.72281,-37.90366
144.38277,-38.17551
147.07364,-38.1083
143.36816,-37.68686
144.98562,-37.84135
147.08539,-37.96725
144.35106,-37.14131
142.3687,-38.29244
144.40878,-37.32497
145.0115,-37.68227
146.32942,-36.35528
146.39792,-36.01365
144.53294,-37.35342
142.4845,-38.31681
144.65874,-37.90687
144.20749,-37.07016
146.73088,-36.29048
144.97504,-37.41146
142.43176,-38.18741
144.08844,-37.214
146.67532,-38.55853
143.8385,-37.55633
145.4283,-37.21273
144.72642,-37.27495
144.47831,-37.61379
143.78651,-38.34046
145.12267,-37.91194
146.43248,-36.44454
144.16156,-36.80258
143.5519,-36.78994
147.62323,-37.82742
144.10505,-37.58385
144.13276,-37.30972
144.39564,-38.0304
146.7739,-38.1546
146.96093,-36.7331
144.698,-36.3546
142.93731,-37.28594
146.14,-37.30126
145.00745,-37.74787
147.59308,-37.10022
147.06494,-36.88771
145.08881,-38.00558
145.51604,-37.65713
142.8379,-37.72024
146.62518,-38.05697
143.63446,-37.35384
142.85173,-37.14851
146.97677,-37.964
145.88923,-36.42328
144.01071,-37.67672
143.07812,-38.32712
144.71475,-38.17184
145.35407,-37.75367
144.26524,-36.75702
144.89357,-37.40103
143.56131,-37.68407
143.87458,-37.52053
147.37948,-36.53341
145.05805,-37.83268
144.88618,-37.63983
145.7117,-37.19257
144.6619,-37.73215
144.16067,-38.042
145.14554,-37.60601
143.7036,-37.16865
145.37241,-37.6497
144.23409,-36.78768
144.8957,-37.67565
144.72814,-37.59769
145.15165,-37.67185
144.61978,-37.34781
144.50146,-36.78623
145.1943,-37.83736
143.8284,-36.77126
145.08138,-37.81394
145.2275,-37.89395
143.81266,-37.05206
145.43595,-37.79025
145.38222,-37.70535
141.27673,-37.92302
144.87655,-37.5635
143.87045,-36.57394
144.26116,-37.08233
144.7454,-37.43373
143.82646,-37.67863
145.03339,-37.80364
143.72171,-37.58864
142.73253,-38.32935
144.74069,-38.34148
143.8021,-37.5548
143.94592,-36.6031
145.18947,-38.2997
146.83646,-36.3121
145.15723,-36.78759
146.78494,-37.98211
145.03959,-37.94202
146.08482,-37.05559
146.72484,-36.15601
147.06784,-37.8428
147.45327,-37.80088
145.0463,-37.20257
145.21429,-36.61718
145.23956,-37.64161
143.9348,-37.52478
142.82232,-37.04956
147.83349,-37.70421
143.54325,-35.34691
146.91102,-36.69949
144.46437,-38.18726
144.05469,-38.10094
145.06589,-37.86048
143.46986,-37.43773
144.27998,-36.77512
143.84472,-37.59643
146.87674,-38.52633
142.92873,-38.19075
144.95277,-37.84188
144.90041,-37.8638
144.88728,-38.41187
144.65621,-38.26722
141.57233,-38.31764
143.71199,-36.98422
141.08249,-36.97371
144.35291,-36.80436
145.20124,-38.11771
144.79814,-37.03978
147.63075,-37.81267
145.05787,-37.42371
144.97303,-37.79106
144.06581,-36.99504
145.53269,-37.77737
142.76785,-37.30166
143.88625,-37.65423
145.74894,-37.51198
144.48966,-37.17118
145.02786,-37.3603
145.24131,-38.45628
144.21822,-37.40538
143.3393,-37.9546
145.1155,-37.72617
144.24834,-36.76187
141.6138,-38.28161
143.11134,-36.90074
142.39126,-36.25788
146.38309,-36.59317
143.468,-36.94213
144.98925,-37.79231
145.3042,-37.65352
147.1742,-36.2148
145.43115,-36.4527
145.09219,-38.19539
145.36945,-38.52385
142.0304,-36.45336
146.58665,-36.50544
146.25688,-37.1028
144.13456,-37.96906
146.36064,-36.44156
144.99688,-37.77176
144.95064,-37.79873
145.21982,-37.98792
144.38694,-37.18732
144.89176,-37.8559
143.92114,-35.73169
145.87172,-38.08711
144.07781,-37.84271
146.44881,-36.70647
144.23727,-36.70707
145.36029,-36.39136
144.788,-37.75885
144.2311,-37.60168
143.85781,-37.57836
145.22992,-36.44497
145.34418,-36.49052
145.14175,-36.46986
146.89257,-36.31716
145.12403,-38.14756
142.98463,-36.36721
144.97776,-37.47206
144.98902,-37.87022
143.60821,-37.79196
145.7017,-37.7558
145.10067,-37.09676
146.67589,-36.10131
144.98415,-37.78502
144.3471,-38.13856
145.01031,-37.73055
145.37849,-38.20763
145.03397,-37.82405
144.60891,-36.4972
145.68279,-36.33107
145.00108,-37.91221
141.9505,-36.74124
142.47574,-36.6235
144.24247,-36.83058
143.79211,-37.29075
142.87035,-36.67685
146.69357,-36.35543
145.31307,-36.38546
144.94752,-37.29577
142.00147,-38.03088
144.48704,-38.28119
144.8357,-37.7169
143.73358,-36.85155
146.4681,-36.18467
144.3281,-37.38797
143.92743,-37.5741
144.2097,-36.74419
142.62861,-36.63222
144.50468,-36.617
145.08862,-37.89447
144.26673,-38.17355
145.0344,-37.85601
144.14156,-37.3451
145.29849,-36.32914
147.86479,-37.82108
143.39924,-37.18413
143.88575,-38.39988
144.57175,-38.16916
143.25754,-36.6102
142.73443,-38.46676
144.56268,-37.41869
145.2025,-37.579
144.82382,-38.37312
145.70905,-37.4214
143.32074,-36.98986
147.08841,-38.16956
145.34517,-38.00085
145.12282,-38.37672
146.46086,-36.3289
145.57208,-36.75596
144.11368,-36.04736
145.47925,-36.39993
147.74791,-37.81578
145.38946,-36.46601
143.7947,-37.47788
146.22234,-36.46019
142.48257,-38.37728
145.89434,-36.32654
145.21893,-36.27636
147.01531,-36.46925
144.38773,-36.84177
145.42132,-37.8246
143.82816,-37.53928
145.13282,-36.31325
144.2048,-36.53947
145.03351,-37.00263
143.13591,-37.00586
145.27623,-37.9116
146.08134,-36.51633
145.12966,-36.36932
147.09576,-36.12064
144.99881,-37.80898
144.3372,-38.14577
144.99569,-37.8573
145.31692,-37.97859
148.18082,-37.49774
144.25511,-37.91267
144.42431,-38.17096
144.90025,-37.8064
144.59476,-37.31215
145.07694,-37.66973
144.30415,-36.72794
144.10217,-37.62852
145.85384,-38.13286
145.4306,-36.15066
142.85847,-37.4328
145.90113,-38.02762
147.15915,-36.0658
144.0071,-37.55759
144.50037,-37.96501
146.69896,-38.0137
145.09467,-37.65287
144.27804,-36.75571
144.85709,-37.11724
143.98428,-38.24449
145.93817,-38.09935
143.85749,-37.55115
143.5837,-38.36135
145.04309,-38.22181
141.99515,-37.72646
143.78644,-37.42924
143.89082,-37.40884
143.86978,-37.54984
144.99611,-37.9221
144.21899,-37.05783
145.1331,-37.64124
141.4052,-37.58655
145.20589,-36.05752
144.34538,-38.15511
145.1005,-37.70357
144.05459,-38.02923
145.28785,-38.11186
145.6853,-36.07735
143.17502,-37.36404
144.30209,-35.90955
145.11405,-37.51427
143.89506,-37.5429
143.83122,-37.56602
145.92814,-38.15634
145.21466,-37.69174
146.54015,-38.29726
141.68404,-37.60184
143.80023,-35.60664
145.75849,-38.20349
145.445,-36.09024
146.26435,-38.17471
144.35857,-38.15694
145.25936,-37.8433
142.5841,-36.46271
145.19737,-37.93295
146.06096,-38.20937
146.47754,-38.14911
146.15987,-38.21476
145.35664,-37.52157
145.93563,-38.24023
147.8452,-37.7662
146.94812,-36.18053
145.87947,-36.16131
145.71251,-38.09884
144.37232,-35.95463
145.57401,-38.08277
146.32799,-38.66352
145.34369,-37.8081
144.12987,-35.63487
143.84327,-37.61571
147.14325,-36.6914
146.23163,-38.26158
145.82682,-38.17057
147.25125,-36.46527
145.9997,-38.18773
145.10517,-38.24809
145.30842,-37.84951
147.7147,-37.91128
144.31269,-36.70505
144.92762,-37.79267
146.44768,-38.26819
146.15109,-38.40049
146.32891,-38.32109
145.95536,-38.01531
145.04298,-37.76657
144.65498,-38.11552
145.39427,-37.91735
144.97779,-37.85812
145.80494,-38.03767
144.70923,-37.62263
145.76914,-38.1141
145.54532,-37.95164
147.03995,-38.1068
146.17734,-38.07139
145.59775,-37.83174
145.41476,-37.9954
145.43428,-36.29987
144.53089,-37.01952
145.03846,-37.87159
145.57077,-37.7825
144.96951,-37.80205
144.92612,-37.77432
146.26887,-38.38287
144.909,-38.35576
145.49286,-38.19483
145.01777,-37.85219
145.04091,-38.25711
145.17914,-38.22402
142.73946,-37.54469
144.76111,-36.13405
147.99424,-37.87598
146.31825,-36.73819
145.42206,-36.80793
143.71442,-38.51629
145.0204,-37.77799
145.97429,-38.16574
145.67415,-38.09056
146.36481,-38.36891
145.41018,-38.05828
144.97254,-37.7787
148.45772,-37.70791
145.72862,-38.6312
145.1009,-37.82553
144.94974,-37.8306
145.47884,-35.92402
142.32331,-36.94535
147.73215,-35.96423
144.95751,-37.8478
145.46441,-37.77389
144.88539,-37.81475
144.96648,-37.75505
146.2524,-38.11887
142.60873,-37.19344
144.99729,-37.89142
146.57134,-38.12758
145.0545,-37.89074
145.5694,-38.26317
145.28132,-37.79317
144.90933,-37.76895
145.19272,-37.80899
145.70295,-38.36862
142.16049,-34.19429
145.1567,-37.81657
148.434,-37.73547
144.93381,-37.83532
145.05048,-37.82028
145.06797,-37.98295
144.9681,-37.7804
145.45039,-37.73409
145.18357,-37.70292
145.23198,-38.20301
147.4339,-37.82694
146.17879,-38.28846
144.79577,-37.73875
145.95898,-38.47893
141.98405,-36.14134
145.00991,-37.84508
145.18155,-38.19966
146.08442,-38.69475
145.37164,-38.04863
147.85246,-37.88296
145.35686,-38.51315
142.51743,-37.13748
145.43632,-36.23861
145.03367,-37.907
145.82564,-38.43513
145.20054,-38.36048
144.93726,-37.73122
145.29136,-37.31692
144.52185,-38.26399
142.41826,-35.94494
144.98739,-37.77697
144.8311,-37.79088
145.16664,-38.26071
145.00883,-37.76151
147.1129,-36.35518
145.00388,-37.78679
145.04915,-37.79647
142.20464,-34.2088
142.15908,-34.2266
144.98,-37.76527
147.68022,-37.89245
145.60608,-37.77903
145.35455,-37.86162
145.33473,-37.88421
145.4725,-37.53537
145.274,-37.73064
145.2596,-37.4813
145.33341,-38.38338
145.41026,-37.87685
143.63207,-35.46451
145.48925,-37.60596
145.36217,-37.83074
143.17912,-35.85273
145.53324,-37.68134
145.31568,-37.50521
144.62113,-38.27443
145.71286,-38.51511
145.10292,-37.927
145.13806,-38.04502
144.50685,-38.21788
145.34492,-37.90696
144.31231,-38.32177
145.44243,-37.93338
145.1267,-38.07812
145.67489,-38.33624
144.55879,-37.74529
143.26617,-35.47623
145.12411,-37.88127
148.53504,-37.79627
145.07041,-37.88617
145.64707,-37.76869
142.08485,-34.27806
145.24698,-37.77435
144.88823,-37.25942
145.36619,-37.8547
143.39503,-38.56393
144.28446,-36.79318
149.7543,-37.55943
145.18985,-38.16039
145.49638,-37.93937
145.1925,-38.26195
145.35792,-37.9312
145.01817,-37.73791
144.76233,-37.70205
145.08314,-37.83096
142.09314,-34.20592
146.53712,-38.19305
144.95043,-37.75984
144.97476,-37.71524
145.03201,-37.78352
145.05829,-37.75544
145.95991,-38.21052
145.18791,-38.0946
145.04263,-37.69451
145.47537,-37.88979
145.02165,-37.96987
145.38882,-37.79093
145.31494,-37.80211
145.58864,-38.60795
144.88174,-37.83045
145.32639,-38.13232
145.17391,-37.97063
145.06136,-37.80837
147.65939,-37.70208
144.3075,-36.7688
145.42333,-38.14578
145.43072,-36.3572
142.19062,-34.25249
145.04623,-37.89377
144.77804,-36.31297
145.21651,-37.85626
145.60023,-38.59882
144.57426,-37.70872
145.12231,-38.05489
145.00348,-37.93339
144.98231,-37.84977
144.41535,-37.79498
145.11297,-38.03749
145.44054,-36.41041
145.01427,-37.75452
141.81405,-35.17057
145.02156,-37.87211
145.1305,-38.10444
145.09737,-37.84264
143.95075,-35.52884
144.99553,-37.73737
144.99675,-37.75543
144.87527,-37.79487
145.40971,-37.76978
145.01503,-37.90468
145.03759,-37.98527
145.70379,-36.38475
149.15302,-37.5697
144.82274,-37.86771
145.30138,-38.16203
145.31432,-37.8956
145.90676,-37.23397
145.17168,-38.33986
144.80166,-36.58988
144.98802,-36.4481
145.19812,-37.6359
144.94762,-37.74715
144.98836,-37.8815
145.10273,-37.81308
145.23979,-36.5432
145.27009,-37.54758
145.58741,-37.7602
145.00677,-37.71142
146.36222,-38.16321
148.05097,-37.85254
144.97376,-36.39811
145.65099,-37.82025
142.15239,-34.17973
144.93299,-37.76334
144.87466,-37.8126
145.37,-37.88509
144.90319,-37.74152
144.91112,-37.78068
145.08447,-37.84805
142.18531,-34.31157
145.18204,-37.66884
145.25289,-38.03041
143.57975,-38.33642
145.00505,-37.87461
145.1216,-37.71765
144.17557,-38.24139
145.23074,-37.79313
142.21427,-34.30511
145.05611,-37.87242
145.29562,-37.8288
144.93548,-37.71629
144.72449,-37.8938
144.88337,-37.78775
147.1139,-38.02571
145.06261,-37.8479
145.0831,-37.99279
145.07764,-37.90584
145.00556,-37.77647
145.04589,-37.83926
145.09976,-38.02027
145.15087,-37.70011
142.45615,-38.37802
145.20042,-37.98074
145.27223,-37.7664
144.89477,-37.75649
144.33292,-38.13597
147.88839,-37.86592
145.1325,-37.9826
142.14504,-34.28801
144.81975,-37.77808
145.46246,-36.35805
145.86706,-38.70257
145.14233,-38.11943
144.94352,-37.77058
144.99061,-37.7477
145.0916,-37.81765
145.0308,-37.89525
145.08362,-37.8622
145.02677,-37.92059
147.17062,-38.35649
144.19184,-38.39678
145.11622,-37.70831
145.40507,-36.2772
145.0528,-37.90805
145.11644,-37.94048
145.05945,-37.77459
147.13228,-38.07479
142.12679,-34.21348
144.3792,-38.16605
144.94359,-37.75671
145.56071,-36.22547
145.3181,-38.0393
145.02222,-37.95667
144.83991,-37.86421
145.16461,-38.39212
144.93487,-37.7819
145.3328,-37.90287
144.95185,-37.73617
145.0629,-37.73539
145.23734,-37.87253
144.917,-37.73551
145.07704,-37.7967
145.07283,-37.87324
146.30442,-36.35413
147.17159,-36.7395
144.98538,-37.73011
145.14575,-38.38878
146.29279,-38.18858
146.52417,-38.18998
145.39635,-36.3668
144.85732,-38.36948
146.26006,-38.18319
144.32982,-38.17401
144.86883,-37.84521
145.40574,-36.39009
145.08149,-37.8807
146.29376,-38.179
145.08114,-37.80428
144.9874,-37.764
144.33245,-38.12936
145.14553,-38.14663
145.36752,-37.91143
145.02184,-37.71998
145.04901,-37.93254
145.45561,-35.99856
143.86281,-37.5401
146.92714,-36.15296
145.09596,-37.80143
145.93985,-38.14811
142.17999,-36.71742
146.51536,-38.19927
146.55149,-38.20155
145.25295,-37.81724
144.93562,-37.74572
145.02539,-37.67008
144.99023,-37.72214
145.07363,-37.92008
145.15251,-37.80757
145.10236,-37.91308
145.12331,-37.80079
145.29942,-37.87479
142.921,-37.27736
144.91504,-37.71553
145.21447,-37.97664
147.6081,-37.82454
144.27865,-36.73783
145.1799,-37.95444
144.94848,-37.72126
145.07865,-37.78252
144.34199,-38.17944
146.24672,-38.18973
144.81109,-37.74217
145.41297,-36.36654
143.54607,-35.33179
144.81816,-37.79222
144.83719,-37.77201
145.07794,-37.74361
141.61062,-38.36527
145.07412,-37.73512
145.06835,-37.96526
145.24506,-38.14794
146.31718,-36.37256
143.8187,-37.55244
145.02946,-37.73305
148.466,-37.69779
144.3377,-38.11424
144.93355,-37.58264
142.49958,-38.38959
143.57203,-38.34363
142.0344,-37.74662
145.05717,-37.91461
145.12697,-38.16049
144.87443,-37.82104
144.85541,-37.77964
145.12564,-38.06649
145.15815,-37.96265
145.03661,-37.97424
144.3271,-38.11776
145.19153,-37.97029
145.18009,-37.82859
144.90829,-37.70496
145.21143,-37.99895
144.80201,-37.73174
144.86085,-37.76784
145.15984,-37.79624
146.87671,-36.12241
145.14717,-38.16181
145.13525,-37.80368
145.25769,-37.83035
144.91598,-37.72486
145.0947,-37.92221
145.0249,-37.68033
145.11184,-37.889
145.06942,-37.93451
145.08692,-37.70703
145.08824,-37.98711
145.206,-37.81619
145.0372,-37.71602
145.04074,-37.90206
144.80049,-37.78107
145.13574,-37.94219
144.87957,-37.7022
147.08383,-38.0957
145.21592,-37.77952
144.82304,-37.76212
145.1661,-37.8276
145.13921,-37.8271
144.32646,-38.10121
145.17804,-37.80034
144.31977,-38.17959
145.14234,-37.89012
144.92849,-37.68019
144.96722,-37.69576
144.86649,-37.73752
145.26424,-37.79379
145.17718,-37.84384
144.41054,-38.01592
145.23944,-37.79774
145.27775,-38.10406
145.08999,-37.73473
145.11865,-37.69228
145.32684,-37.91314
143.20788,-38.49862
145.15486,-37.71143
145.14693,-38.10984
145.11564,-37.86299
145.26971,-37.88569
145.2648,-37.8696
145.27848,-37.85856
145.05697,-37.94118
145.21721,-37.80423
144.92053,-37.69936
145.29616,-37.79894
145.2081,-37.96986
144.32686,-38.1538
145.15228,-38.13792
145.17881,-37.88348
145.1433,-37.87909
145.12989,-37.72492
145.03181,-37.93896
144.84917,-37.83698
145.16328,-37.84675
142.77129,-37.06576
145.10073,-37.7153
143.83543,-37.52319
145.32724,-37.7968
145.1574,-38.12562
145.4059,-36.3985
145.06299,-37.70734
144.80307,-37.75489
144.81037,-37.74865
143.92716,-35.74123
144.92701,-37.6724
145.0828,-37.98001
145.17378,-37.80041
144.33602,-38.10589
145.29648,-37.84457
145.16175,-37.88836
146.41542,-38.3111
144.31612,-38.16627
145.26135,-37.8549
145.13361,-38.09016
146.42446,-38.22793
145.03554,-37.67658
144.81418,-37.75602
144.97045,-37.7956
144.33986,-38.18571
145.10938,-37.76061
145.17407,-37.86702
145.08051,-37.7004
145.21636,-37.96024
145.2514,-37.88363
145.11335,-37.79342
142.94005,-37.27465
145.12094,-38.17444
145.00079,-37.6787
145.23711,-37.92292
144.69612,-37.87288
145.11935,-37.76721
145.15828,-38.14746
144.71292,-37.5748
144.88658,-37.68715
145.3084,-37.77227
145.15904,-37.86708
145.32114,-37.77376
145.27802,-37.87582
145.13008,-37.70891
145.16552,-37.78746
145.39097,-36.3985
147.08906,-38.10805
144.95097,-37.79435
145.1806,-37.85114
145.07501,-37.702
144.76444,-37.772
144.96587,-37.67433
145.02854,-37.66415
144.56749,-37.67748
145.1656,-37.67419
145.17325,-37.91432
145.25305,-37.84907
145.05875,-38.22603
146.89399,-36.13962
145.16162,-38.11662
144.99574,-37.81363
145.23294,-37.83641
144.78121,-37.7361
145.36852,-37.77958
144.69123,-37.88377
144.81407,-37.79899
145.16681,-38.14148
145.17082,-37.97962
145.33611,-37.75518
145.3357,-37.7868
144.799,-37.7884
145.32291,-37.8111
147.27976,-36.86431
144.93515,-37.78598
145.2952,-38.00942
145.26534,-37.81841
144.32895,-38.20828
146.2572,-38.19174
145.163,-38.14716
145.26273,-37.88349
144.77403,-37.75614
145.21346,-37.94411
145.34594,-36.3801
144.57266,-37.69487
144.64389,-37.89406
144.89837,-37.68901
145.17759,-37.90017
145.10716,-37.85966
144.9141,-37.6814
145.09506,-37.76329
145.07907,-37.96278
145.20768,-37.74822
145.18428,-37.91475
145.1238,-37.983
144.93236,-37.77682
145.18777,-37.86528
145.18067,-37.85289
146.41695,-38.30464
144.81778,-37.75337
145.19288,-37.94923
145.25483,-37.7893
144.39501,-38.17815
145.38271,-37.73256
145.14326,-37.75627
145.26051,-38.03465
145.23616,-37.85487
145.28575,-37.81008
144.8835,-38.37376
144.9931,-37.68259
145.1557,-38.16808
145.24585,-37.97906
144.77536,-37.73771
145.10054,-38.1884
146.86142,-36.1305
145.09669,-38.01399
145.1702,-38.1433
145.04074,-37.75629
144.94197,-37.83679
145.65158,-35.92582
145.1658,-37.90698
144.62857,-37.89587
145.41529,-36.36744
145.17764,-37.85916
145.06588,-37.67461
145.11165,-37.68675
144.56822,-37.68057
145.15431,-37.94936
144.68759,-37.88404
145.15557,-37.7699
145.01373,-38.27556
144.77973,-37.86869
145.39284,-37.89242
147.07075,-38.08164
145.19285,-37.90284
144.77442,-37.74402
144.72867,-37.56525
143.86526,-37.57582
145.07623,-38.18768
145.10987,-37.68739
144.32788,-38.2004
144.91782,-37.6592
145.26772,-38.10271
145.14479,-38.06984
145.15444,-38.10504
145.33925,-37.82495
145.31134,-37.75007
145.48877,-38.43123
145.23229,-37.86094
144.70696,-37.58114
144.43691,-37.65528
143.81853,-37.58478
145.17275,-38.29789
145.26772,-37.96839
144.55421,-37.67562
146.30071,-36.34159
145.28078,-37.81563
145.17519,-37.7738
145.32743,-38.03114
144.8271,-37.76144
144.77363,-37.85635
144.72933,-37.59602
145.02993,-37.70059
146.53222,-38.20543
146.85454,-36.12321
145.28805,-38.15007
145.14212,-37.8572
146.30016,-36.34379
144.92384,-37.65042
141.59245,-38.36224
145.01011,-38.34184
145.2477,-37.96973
145.27622,-38.08736
145.22958,-37.88228
145.26441,-37.98823
144.76754,-37.73315
145.296,-38.0076
145.05718,-38.22611
145.0568,-37.94336
145.32684,-37.76651
144.93585,-37.60875
145.05107,-37.6665
147.56717,-38.05819
145.38487,-37.77502
143.58902,-38.34571
144.75105,-37.58052
142.14364,-34.19988
145.06208,-37.92672
144.71078,-37.87108
145.27204,-37.77668
144.58632,-37.67057
145.2025,-38.15092
144.79377,-37.70965
145.13984,-37.68998
144.95174,-37.73292
144.9141,-37.68165
144.81989,-37.80343
143.54509,-35.34924
144.99907,-37.82957
145.00748,-37.81464
142.78383,-37.05767
142.18678,-36.70784
143.06466,-38.32356
142.48177,-38.35498
144.88365,-37.81791
144.55314,-38.16566
145.26246,-37.91841
141.59756,-38.34633
142.02246,-37.72686
145.01508,-37.66724
145.14653,-37.84023
145.05309,-37.64275
144.78492,-37.88677
145.08789,-37.78944
145.92506,-38.16489
144.77807,-37.85078
142.39075,-36.25761
145.27435,-38.04385
145.30412,-38.00344
145.27391,-37.98056
145.26328,-37.90532
144.77753,-37.71723
144.24015,-36.79587
144.72461,-36.13829
145.1168,-38.02251
145.33439,-38.04874
145.34777,-38.05298
145.28492,-37.88042
145.00257,-37.60984
144.54755,-37.78994
144.67569,-37.86739
145.19245,-38.10442
144.69102,-37.85984
145.20502,-38.13568
145.05175,-37.65733
144.79205,-37.71727
144.7579,-37.87884
144.92259,-37.59178
144.63788,-37.9032
145.24288,-37.93392
142.1339,-34.19367
145.27957,-38.03416
144.70458,-37.56379
144.54166,-38.26145
145.39659,-38.05488
144.63933,-37.92103
144.88706,-37.74393
145.31619,-38.00644
144.65953,-37.8785
145.71697,-36.63424
144.32804,-38.17878
144.42318,-37.65586
145.49442,-38.06063
145.28345,-38.08012
145.16775,-38.23003
143.21674,-37.93959
142.80955,-38.08637
141.79872,-37.85635
144.31968,-38.24124
142.52288,-38.28599
141.71658,-38.25268
143.87591,-37.57297
143.89424,-37.55542
145.37283,-38.08273
142.42708,-35.34395
146.39897,-37.95912
147.0121,-38.0235
145.88035,-38.20464
146.87481,-38.05399
146.43111,-38.66552
146.41206,-36.76558
146.23636,-36.61784
146.54454,-36.43532
145.32862,-36.05147
142.35779,-34.47385
142.85352,-35.50928
144.25723,-37.00297
143.47891,-35.23248
144.87843,-37.73085
144.87884,-37.6232
143.7804,-37.54796
144.59423,-37.60627
145.10687,-37.86288
145.13174,-38.12516
145.12521,-37.83477
146.01518,-38.57934
145.56603,-38.17604
145.06814,-37.95926
145.5462,-38.56035
145.16759,-37.87472
145.24649,-37.89148
145.17289,-37.92812
145.10878,-37.90032
145.25498,-37.86116
145.14135,-37.86802
145.2063,-37.82958
141.29856,-37.03343
141.17734,-35.26557
142.31917,-38.10698
145.18873,-37.94284
145.16761,-37.89686
145.10222,-37.72156
143.45374,-35.29041
143.6843,-37.64352
145.65186,-37.75279
146.70321,-38.29418
144.91628,-37.63206
144.39495,-38.16516
144.85612,-37.79169
144.94394,-37.7012
145.1479,-37.78161
143.34319,-35.18608
145.28692,-38.06312
145.2965,-38.1102
145.23763,-37.8238
145.32263,-38.01557
144.74446,-37.69921
145.30746,-38.06472
144.9314,-37.63424
144.74313,-37.88474
145.06111,-38.24595
145.02003,-37.88805
147.599,-37.82871
144.9235,-37.61621
145.24899,-38.05239
145.95729,-38.47819
145.12687,-37.58582
144.72565,-37.86453
144.75458,-37.73503
145.00226,-37.62208
144.71909,-37.83877
144.75289,-37.74566
145.34696,-38.06743
145.439,-38.06846
144.66024,-37.85588
145.47008,-38.08451
144.7599,-37.71669
145.28906,-38.08753
145.15079,-37.84018
144.7632,-37.78927
145.02402,-37.62844
144.72467,-36.13772
145.30444,-38.10628
143.8204,-37.5275
145.25408,-38.07496
144.90557,-37.58175
145.02272,-37.70552
144.92956,-37.68754
145.09694,-37.61403
144.84569,-37.78293
145.51084,-38.06394
144.74133,-37.90824
145.16699,-37.80747
144.2573,-36.7706
145.00135,-37.66369
145.18048,-37.9924
145.15242,-37.98263
145.20465,-37.96505
145.14997,-37.97105
145.15904,-37.93926
145.13951,-37.95884
144.80919,-37.71765
144.67655,-37.88487
144.26844,-36.73692
144.92504,-37.70428
145.00278,-37.69667
144.90955,-37.57099
144.94185,-37.6703
142.21515,-36.71138
144.60961,-37.89556
145.41131,-38.07079
145.02559,-37.64485
145.11937,-37.59755
145.32734,-38.0816
144.9309,-37.66206
144.91309,-37.68762
144.34032,-38.30307
144.54286,-37.66636
145.31981,-38.10893
144.9535,-37.82935
145.23902,-38.11498
145.4428,-38.07754
144.9627,-37.84054
145.41966,-38.07195
144.36731,-38.23261
144.33237,-38.12528
144.10997,-38.45737
144.90556,-37.60171
146.40764,-38.23167
145.12728,-37.61564
145.29841,-38.12014
144.32848,-38.22492
145.16132,-38.00951
144.94055,-37.81271
144.72505,-37.82878
144.66623,-37.7238
144.69701,-37.72176
144.90909,-37.52861
144.62526,-37.87668
145.33828,-38.11488
144.58976,-37.71662
144.95825,-37.53243
144.6081,-37.50394
145.33155,-38.12299
145.02711,-37.61133
145.24388,-37.97889
143.50332,-38.2419
143.66051,-38.75352
146.97947,-37.87959
145.6511,-35.92511
144.21342,-35.80632
144.9905,-37.80298
142.34037,-37.63898
144.14145,-36.37222
146.202,-38.65734
141.48354,-36.71579
141.61292,-38.12752
147.03877,-36.25105
143.38305,-38.68184
144.53664,-36.26577
142.88488,-35.05623
142.92139,-38.24628
141.54831,-37.70637
145.0144,-36.58332
145.07222,-37.72475
145.46466,-38.06537
145.7697,-38.34248
142.22822,-38.38662
144.99527,-38.36668
145.34944,-37.86824
144.95652,-36.25215
141.59384,-34.39041
143.14544,-38.23973
142.97589,-38.48406
145.0257,-37.76204
143.61877,-36.41702
145.02583,-37.76195
145.03628,-37.93458
145.12425,-37.91938
145.14663,-38.17412
145.11191,-37.80924
145.00507,-37.60949
144.89025,-37.59829
145.33886,-38.12955
143.06361,-38.32404
145.27103,-38.07539
144.15185,-37.33467
145.01358,-38.34264
144.32744,-38.2104
142.1647,-34.23233
144.23367,-36.78865
145.01316,-37.66691
145.34141,-37.74582
144.56869,-37.70836
142.14798,-34.19573
145.0598,-37.92736
143.87667,-37.60796
144.88618,-37.74668
145.02537,-37.74007
145.04082,-37.82314
144.96477,-37.82823
142.45892,-38.35871
144.65385,-37.88893
144.29798,-36.73893
145.12018,-37.51505
145.70148,-37.19449
145.04507,-37.83988
143.81821,-37.55452
145.07677,-37.79786
145.262,-37.83903
143.38249,-37.43884
145.03408,-37.9784
146.69076,-36.34722
144.33056,-38.17565
144.27928,-36.7553
145.36544,-38.0314
145.14989,-37.81037
147.22537,-36.80408
145.13721,-37.82
144.84754,-37.77826
145.16634,-37.89951
145.01912,-37.92016
145.04003,-37.20438
144.89775,-37.74712
145.07282,-37.83015
145.0691,-37.82029
141.38749,-37.5888
145.06868,-37.95376
145.65412,-35.9136
144.22642,-35.8135
145.28614,-38.10759
145.24651,-38.10672
145.28126,-37.78935
144.93324,-37.78215
142.03441,-36.44984
145.15856,-37.78213
142.97396,-36.37078
145.13805,-37.78458
145.85098,-38.14466
144.26163,-36.72006
145.14172,-37.72444
144.9852,-37.88232
145.03343,-37.644
145.5648,-36.7582
145.25904,-37.87321
144.29759,-36.77579
144.93204,-37.83201
144.89376,-37.79104
146.19741,-38.65174
145.12895,-38.16219
144.37373,-38.15303
144.34079,-38.10996
144.58477,-37.49811
144.89,-37.68977
145.06198,-37.7075
145.4154,-36.37207
145.17638,-38.30817
145.53081,-37.64359
141.6205,-38.12927
145.17682,-37.86541
143.9138,-35.72565
144.92558,-37.78791
145.06336,-37.79555
145.11756,-37.80219
145.49578,-38.19709
145.8039,-38.44387
145.05621,-36.31748
144.45817,-37.25133
145.03062,-37.67266
145.03412,-37.66077
145.34392,-37.7607
143.97389,-38.53918
145.20671,-37.95876
145.00226,-37.81648
146.98242,-37.96489
146.08856,-37.06268
144.88824,-37.77952
144.35321,-38.14959
144.99531,-37.83683
144.56822,-37.68175
145.0535,-37.98018
142.14539,-34.198
146.14882,-38.40018
145.42781,-37.88318
145.11361,-37.71408
145.31423,-37.77508
145.09268,-38.01224
147.16728,-36.74031
145.09354,-38.1897
145.13231,-37.86909
145.04854,-37.9122
144.97186,-37.83589
145.20844,-36.0599
145.95668,-38.01694
144.3952,-38.17113
144.98971,-37.77416
145.2376,-37.79975
145.44627,-36.07995
144.36414,-38.23176
148.46635,-37.70411
142.32261,-35.06457
145.471,-38.069
145.44402,-38.07827
145.0935,-37.9903
144.9355,-37.71756
144.99116,-37.85175
145.0064,-37.74169
144.96503,-37.78348
144.76689,-37.91615
144.55753,-38.19066
141.9967,-35.89447
142.19545,-34.2988
145.23915,-37.81661
145.0028,-37.81741
142.78155,-34.58889
144.6987,-36.35278
144.88745,-38.36762
145.82134,-37.29493
146.4521,-36.06256
144.77005,-37.91054
145.2362,-37.88864
144.80841,-37.74553
143.25094,-36.60955
145.03417,-37.87398
144.92664,-37.73695
144.72867,-37.57428
144.96188,-37.76969
147.17267,-36.22044
145.00194,-37.67872
146.1583,-38.21457
144.73391,-37.84298
144.95538,-37.79698
144.93033,-37.63041
145.62393,-37.79209
145.33548,-37.90436
145.1997,-37.84412
145.34741,-38.05369
145.19766,-38.09529
146.30772,-36.3449
144.88961,-37.6503
145.22997,-37.8576
142.38941,-36.26275
145.18422,-37.74827
145.16938,-37.93447
144.66874,-37.90554
147.605,-37.82871
145.13658,-37.94031
145.18174,-37.91013
144.89502,-37.86286
146.88105,-36.12561
146.68546,-38.56658
143.89228,-37.55912
145.40854,-37.21501
145.03801,-37.8857
144.93595,-37.60875
145.45874,-37.92427
145.02977,-37.72226
145.25988,-38.03486
144.69536,-37.87122
144.81119,-37.71552
146.43279,-38.22879
144.58596,-37.67291
147.99841,-37.87134
145.19018,-38.15929
144.70448,-37.58401
145.16373,-37.84852
145.13474,-38.0835
145.13991,-37.68687
142.78979,-37.06195
145.23709,-37.92389
145.59788,-38.61094
145.02303,-37.95671
144.98748,-37.78491
145.10333,-37.86453
145.19016,-37.80711
145.96124,-38.47869
145.1674,-37.67283
145.14829,-37.84789
144.9848,-37.80784
145.17817,-37.97117
145.09125,-37.70849
142.92196,-37.286
145.06341,-37.66416
144.43306,-37.68563
144.67494,-37.85813
144.72787,-37.71569
144.7944,-37.70741
144.81382,-37.79316
144.98147,-37.41839
145.02521,-37.75649
141.59482,-38.35882
144.77243,-37.71946
144.88521,-37.8577
145.08977,-37.92232
143.55285,-35.33523
146.51949,-38.19142
145.05776,-38.21671
144.86971,-37.73971
144.95501,-37.7709
145.16211,-37.8781
145.14772,-38.12612
142.49968,-38.37672
145.08659,-37.7412
145.18237,-37.97021
142.01463,-37.73331
145.31618,-37.78934
145.2321,-37.83843
142.1841,-36.71166
145.01433,-37.82251
144.32806,-38.12391
146.28598,-38.17668
145.12231,-37.76743
144.22755,-37.05044
145.92549,-38.1652
143.83447,-37.51922
143.35963,-36.27031
143.2291,-36.0757
142.90994,-35.98438
141.65886,-36.3326
147.06801,-38.10892
145.15845,-38.14632
147.24592,-37.02329
144.85404,-37.791
145.28508,-38.04973
144.41157,-38.01818
141.24485,-36.38272
147.91076,-36.19294
143.72287,-37.04216
145.07568,-37.63494
144.73282,-37.88672
144.60185,-37.87351
144.9728,-37.7407
146.89056,-36.13084
144.92319,-37.58031
144.68041,-37.83335
144.73242,-36.13239
145.12869,-37.91422
144.81864,-37.86191
145.20901,-37.97942
145.59647,-38.60974
144.77263,-37.85617
144.91536,-37.68044
143.5901,-38.3515
145.33656,-38.0385
144.70075,-37.89385
145.15984,-37.96702
145.26119,-38.0002
145.27656,-37.97461
145.29538,-38.00528
141.82737,-37.24056
146.72614,-36.54889
145.30872,-38.07313
145.1686,-38.22726
144.66582,-37.83618
143.72695,-36.11022
146.00667,-36.02144
145.14112,-37.02984
142.07131,-34.16937
144.94736,-37.84479
145.05865,-37.72897
144.7949,-37.75552
147.72403,-37.26684
144.925,-37.7047
144.97186,-37.70271
145.00277,-37.69667
145.08833,-37.60485
145.30603,-38.10494
144.72752,-37.90164
143.83351,-37.58661
144.35571,-38.07841
144.32386,-38.30419
142.36603,-35.73487
145.24317,-37.98945
145.41097,-38.07202
144.73722,-37.74634
144.73804,-37.73445
144.74028,-37.73102
144.73867,-37.71118
145.26202,-37.79552
145.29327,-37.8583
144.67982,-37.83745
145.96385,-36.55337
144.94736,-37.77682
144.99612,-37.83615
144.98214,-37.84883
145.05464,-37.86145
145.06698,-37.69018
144.95288,-37.80597
144.997,-37.85936
143.83156,-37.55971
143.84715,-37.5644
143.87401,-37.5617
142.47736,-38.37099
143.82347,-37.55686
146.08901,-37.05835
144.8814,-37.84003
144.90089,-37.8635
145.03918,-37.81111
145.00489,-37.87738
144.94625,-37.7933
146.32195,-36.35616
144.99759,-37.85902
144.94763,-37.30101
144.93173,-37.7847
144.27336,-36.75344
143.73642,-37.05354
143.7368,-37.05183
147.58563,-37.8414
143.83767,-37.57811
145.03432,-37.82646
145.05157,-37.86175
144.99672,-37.77462
145.00377,-37.74481
146.40432,-38.23943
146.5347,-38.19516
145.40765,-36.37473
145.14092,-37.0199
142.98517,-36.37358
147.06233,-38.11071
144.94811,-37.29939
144.22873,-37.5999
144.0909,-37.58065
144.73173,-37.27876
143.89226,-37.42851
142.09426,-37.76623
144.2448,-36.7942
145.97412,-36.55396
143.96603,-37.59116
144.34015,-38.1495
143.24686,-36.61708
142.15346,-34.18872
144.99678,-37.89673
144.99766,-37.89794
145.07091,-37.92304
145.03849,-37.81395
144.25729,-36.72348
143.87035,-37.61146
143.83365,-37.55965
144.22096,-37.06396
144.45882,-37.25289
144.53049,-37.35779
143.35105,-36.27177
145.22392,-36.43983
144.98574,-37.83895
144.96785,-37.73893
144.65057,-37.90127
144.59009,-37.49091
144.7363,-37.58004
146.60706,-36.14598
146.46298,-36.05042
143.87249,-36.57114
145.97539,-36.55277
145.08033,-37.81516
145.47453,-38.06938
145.02509,-37.85232
146.00925,-36.01072
145.0311,-37.81386
142.28978,-37.87751
142.93777,-37.28474
141.41363,-37.58601
144.43486,-37.67227
142.36897,-38.29989
144.39907,-38.06882
145.0355,-37.8102
144.97441,-37.80371
144.97852,-37.80205
145.35775,-37.75076
144.90684,-37.80116
144.8899,-37.8137
142.20399,-36.714
143.57693,-38.35203
143.5854,-38.33473
145.06571,-37.98415
145.072,-38.21826
144.9848,-37.83169
144.34009,-38.15242
145.40764,-36.37471
146.00921,-36.00866
144.98822,-37.79034
145.4436,-36.08646
142.48614,-38.37249
141.60595,-38.34523
144.363,-38.15319
144.34604,-38.13484
145.107,-37.84856
144.92318,-37.75966
145.35261,-37.75273
145.14356,-37.71152
144.98639,-37.80046
142.3896,-36.25408
144.72583,-36.13426
145.03744,-37.80817
142.93861,-37.2855
144.74337,-36.11815
142.23167,-38.38613
144.70117,-36.36476
144.94287,-37.79289
141.59279,-38.35947
147.06378,-38.10871
145.04471,-36.30955
145.10008,-37.82032
144.61562,-36.49302
146.68281,-36.36007
141.69473,-37.60538
143.13956,-38.235
143.139,-38.23503
144.91429,-37.7572
144.15136,-37.33724
142.05091,-37.74114
144.28421,-36.75458
145.05578,-37.80897
146.88922,-36.11702
142.78726,-37.05935
144.99155,-37.85955
145.07016,-37.98357
142.90996,-38.2398
145.91202,-38.15861
144.27835,-36.76942
144.99694,-37.90612
145.06655,-37.75764
145.06759,-37.75793
144.94298,-37.76229
145.09178,-38.00804
143.86007,-37.54591
143.83083,-37.53924
144.97786,-37.77634
145.0471,-37.88689
145.22084,-37.99067
145.00855,-37.95148
145.60341,-38.60086
144.91127,-37.77384
143.91781,-35.72546
145.03218,-37.85768
144.96825,-37.75863
142.02421,-37.7372
143.90299,-37.56161
145.9543,-38.47894
145.82232,-38.43604
144.89493,-37.85019
145.04448,-37.77252
145.5158,-37.65868
145.57319,-38.07303
145.03229,-37.83392
145.05292,-37.87302
145.00755,-37.92863
144.92878,-37.79558
144.6553,-38.26868
145.02036,-37.78007
145.03116,-37.85807
146.67597,-38.5569
144.31057,-36.72487
144.98112,-37.88253
144.46212,-37.25051
145.25669,-37.81552
143.5456,-35.32846
145.09346,-38.17226
145.1917,-38.30344
143.5188,-38.27065
144.83556,-37.78945
145.00166,-37.75684
142.44614,-38.3515
145.02127,-37.8383
144.91497,-37.75991
142.20795,-36.71731
144.99415,-37.92011
145.56987,-36.75337
144.87034,-37.73215
144.88522,-37.79582
145.65375,-35.91707
145.01132,-37.87791
145.03876,-37.77194
145.15405,-36.78161
145.00946,-37.85246
148.45563,-37.70917
145.06812,-37.98769
145.04672,-37.76527
146.72693,-36.55357
145.04782,-37.81478
145.04122,-37.89952
145.14643,-37.99598
144.91031,-37.75111
145.42461,-37.21455
145.06279,-37.81108
145.08037,-37.82918
145.06346,-37.98938
145.11859,-38.05544
147.06463,-38.09365
145.01746,-37.91628
145.01489,-37.84819
145.08384,-37.83892
145.0009,-37.93305
144.70111,-36.91768
144.21854,-35.80823
145.06641,-37.81609
145.20281,-38.36147
144.99352,-37.91111
144.95156,-37.74984
145.13629,-37.87674
145.13149,-37.81849
144.82838,-37.86666
145.14791,-37.71612
142.05309,-34.16686
145.1262,-38.1488
145.12992,-37.81835
145.00512,-37.71802
145.04147,-37.92283
145.02316,-37.97592
144.73903,-37.57264
147.07768,-37.96726
145.11863,-37.83278
146.15219,-38.20721
145.06527,-37.90178
145.05231,-37.85736
145.34654,-38.03535
145.0597,-37.81821
145.04981,-37.79538
145.23218,-37.81642
145.12656,-37.71601
144.7418,-38.34047
145.0646,-37.85009
145.00529,-37.88251
142.18796,-34.30235
145.05221,-37.81593
145.02755,-37.65054
145.00248,-37.77036
145.08692,-37.90184
144.96362,-37.71628
145.29517,-37.88738
145.1904,-37.81744
145.35422,-36.39605
144.99262,-37.7341
145.0247,-37.8354
145.48527,-38.19746
144.92413,-37.74214
144.33186,-38.1502
145.15034,-37.95323
145.06821,-37.99116
145.01857,-37.73026
145.08258,-37.83366
144.97271,-37.74742
144.94186,-37.73089
144.87292,-37.80853
144.34301,-38.15641
144.8832,-37.74939
145.19954,-37.7918
145.08248,-37.86413
143.9887,-37.5004
145.03994,-37.92572
145.0709,-37.79352
145.10026,-37.88273
141.64304,-36.33541
144.37393,-38.16462
145.11777,-37.84722
146.25356,-38.17937
145.08268,-37.77478
145.91527,-38.15903
142.15926,-34.22261
144.8202,-37.78219
145.03412,-37.76306
142.80202,-38.07994
145.03183,-37.9461
145.05971,-37.9655
145.17005,-37.82192
145.27279,-37.79749
141.30005,-37.03403
145.31652,-38.05022
145.71338,-37.19127
144.9052,-37.75665
145.0082,-37.8839
145.01619,-37.76085
144.80005,-37.73769
145.15743,-37.82325
145.0112,-36.5878
146.78427,-37.98075
144.35882,-38.09017
145.04629,-37.74692
144.87773,-37.82908
142.04945,-37.74204
145.1012,-37.87978
145.17243,-37.97171
145.12186,-37.92314
142.36219,-35.72393
145.00034,-37.86812
144.88903,-37.74366
144.33833,-38.1111
144.32996,-38.13581
145.09263,-37.70285
144.80081,-37.77941
144.76927,-37.76853
144.86196,-37.78761
144.9228,-37.70389
145.15202,-37.95907
144.80752,-37.78753
144.11184,-36.05485
144.33048,-38.13008
145.04104,-37.98199
144.29824,-36.7669
144.83528,-37.77116
143.84018,-37.60347
145.02655,-37.82304
142.15224,-34.18733
145.00084,-37.86928
144.89104,-37.7669
146.29159,-38.18474
145.12963,-37.87426
145.20582,-37.97133
145.41068,-36.39247
145.11139,-37.83006
145.05217,-37.93822
145.08608,-37.90216
146.41548,-38.23061
142.03758,-36.45706
142.85067,-35.50183
145.61681,-37.79217
145.0192,-37.71157
148.01234,-37.87102
145.07698,-37.73518
147.17342,-36.21623
145.10575,-37.89616
144.89658,-37.75635
145.22626,-37.99023
147.58766,-37.8371
142.77851,-34.58471
146.32114,-36.37219
145.17411,-37.84779
144.9237,-37.68506
144.95359,-36.25266
145.10325,-37.79592
145.16389,-37.8868
145.12591,-37.85165
145.1502,-37.8711
145.09249,-37.99047
145.1534,-37.79055
145.20875,-36.05766
145.23863,-37.9905
145.23494,-37.82306
145.00663,-37.89287
145.09069,-38.19817
144.96795,-37.69816
145.15956,-37.93272
145.01883,-37.67237
144.92108,-37.71885
144.34747,-38.14733
145.35268,-37.90841
142.46583,-38.36492
144.88025,-37.72501
143.57855,-38.35316
145.15878,-37.67215
145.35357,-38.03382
144.89796,-37.75662
145.04337,-37.84227
145.03552,-37.71526
145.14671,-37.83555
146.3056,-36.34656
142.47365,-36.62268
145.27291,-37.78296
144.80613,-37.78773
144.81167,-37.8639
143.82561,-37.52544
145.09033,-37.7673
145.27481,-37.86271
147.89919,-36.19824
145.35889,-37.91064
145.26576,-37.84898
145.29509,-37.89049
145.08686,-37.81235
144.84796,-37.82099
145.10226,-38.01813
144.94494,-37.70729
145.13326,-37.87467
145.16659,-37.80764
144.93198,-37.66574
144.84239,-37.83162
145.31752,-37.78791
145.05722,-37.69849
145.03141,-37.65518
145.25816,-37.7837
144.3931,-38.16655
144.96456,-37.7304
145.18365,-37.84039
146.97239,-37.9635
145.07046,-38.22321
145.1481,-38.14582
145.24279,-37.8779
145.13887,-38.13557
145.14095,-38.1066
145.16614,-37.9152
144.86162,-37.75847
145.12228,-37.7806
145.27803,-37.97092
145.12287,-37.76127
145.20969,-37.83675
145.16605,-37.90812
144.6651,-37.9095
147.08331,-38.0994
144.85169,-37.83922
144.85942,-37.74424
142.51953,-38.38525
146.72536,-36.55334
144.77698,-37.85378
145.22596,-37.88984
146.87264,-36.12675
145.3671,-37.79883
145.24881,-37.77722
144.27274,-36.74417
145.12957,-37.98666
145.05995,-37.87595
145.16902,-37.82255
145.19223,-37.70044
144.81141,-37.75644
142.15603,-34.2046
145.21333,-37.62939
144.69031,-37.87464
145.19345,-37.77403
145.13214,-37.80388
145.0012,-37.88229
145.0392,-37.67842
144.57598,-37.36383
144.88946,-37.69303
145.27885,-38.11164
145.16293,-37.98994
144.58464,-37.68092
144.35813,-38.07203
144.76315,-37.7246
145.15809,-37.90284
146.31054,-36.33875
145.23692,-37.79323
146.41571,-38.3164
145.17504,-37.86234
144.99772,-37.67775
141.66215,-36.32773
144.71746,-37.56839
145.17721,-37.77444
145.19111,-38.15528
144.81963,-37.73374
145.19888,-37.94632
144.99292,-37.70222
144.77539,-37.7363
144.79909,-37.73889
145.37311,-38.052
142.21775,-36.70818
145.13709,-37.68407
145.2153,-37.88014
145.0105,-37.85823
144.7249,-37.85084
144.33011,-38.20252
144.82052,-37.71063
144.5729,-37.70966
145.11911,-37.68219
145.23507,-37.85338
144.81962,-37.80028
145.05467,-37.69501
144.99953,-37.74593
145.26862,-37.78268
145.30513,-37.76357
144.20542,-37.08849
144.318,-38.09719
145.45271,-37.85665
146.86239,-36.12962
144.8501,-37.78586
143.79995,-37.55349
145.39586,-37.79052
145.21859,-37.7733
146.51105,-38.18765
144.93137,-37.5986
145.14587,-38.17205
145.05891,-37.66499
145.08073,-37.7034
144.55041,-37.67725
145.27232,-38.48834
141.58984,-38.35679
144.31307,-38.18524
145.33887,-37.78785
144.97981,-37.78917
145.25793,-37.98052
145.10719,-37.93489
145.10114,-38.19773
145.20774,-36.0586
144.27158,-36.76553
142.04149,-37.77083
145.13879,-37.61346
144.68749,-37.85729
145.24533,-37.92568
144.7917,-37.87515
145.31501,-38.02597
144.54016,-38.26078
144.77101,-37.69914
144.80506,-37.69994
145.29449,-37.76375
145.16302,-38.17863
145.03604,-37.80551
142.12879,-34.2016
145.41558,-36.32748
145.2192,-37.86547
144.68133,-37.88132
145.3638,-38.08468
145.93042,-38.14781
144.83586,-37.7684
145.10889,-37.8668
145.46732,-38.0619
145.31893,-37.82914
145.31084,-37.8539
145.00324,-37.6656
144.39058,-38.01519
145.11454,-37.50906
145.15431,-37.76748
144.73176,-36.14482
145.34623,-37.9189
145.08282,-37.89591
145.50922,-37.68452
143.91342,-35.73042
145.24464,-37.87387
145.87712,-38.14284
144.96612,-37.73633
145.16798,-38.26212
144.80435,-37.71462
144.5502,-37.67878
145.41206,-37.868
144.89754,-38.37133
145.19051,-37.91781
146.88735,-36.15717
145.32174,-37.80656
145.24291,-37.87747
144.56028,-37.70028
146.08574,-37.0614
145.26266,-37.96753
144.66344,-37.90995
145.19546,-37.94023
144.31185,-38.32112
145.0194,-37.89244
145.96354,-38.46673
142.50617,-38.36211
145.00522,-37.80366
144.72202,-37.85265
144.82318,-37.70656
145.17847,-38.10335
145.13546,-37.69844
144.88864,-37.65364
145.63116,-37.79444
143.5568,-35.34192
145.2674,-38.03932
144.43159,-37.69027
145.25687,-38.10841
145.1435,-38.0012
145.03617,-37.78043
145.26724,-38.07727
145.862,-38.13244
145.32507,-37.76461
143.81724,-37.58019
144.15669,-37.08188
144.9532,-37.30103
144.93121,-37.65583
146.08586,-37.0608
145.14863,-37.93904
146.84528,-36.11673
143.5465,-35.37756
144.27088,-36.76197
144.36129,-36.80447
144.95481,-37.83616
145.2929,-38.1103
145.1684,-38.23365
145.31128,-37.99584
144.65866,-37.87559
144.31346,-36.78263
144.93007,-37.66862
144.91826,-37.68786
144.93432,-37.62344
145.03133,-37.82708
144.328,-38.10988
144.59778,-37.45589
145.33695,-38.06977
144.6666,-37.85525
144.93564,-37.68472
144.77224,-37.7003
144.70602,-37.5191
145.01947,-37.70438
144.70206,-37.84768
144.55617,-38.18801
145.41598,-36.35387
144.97169,-37.70518
145.62369,-38.08322
147.57835,-37.84122
145.03622,-37.73395
144.3249,-38.18552
145.38821,-37.95976
144.8907,-37.62771
145.04517,-37.84322
143.8622,-37.64076
144.73744,-37.74772
144.27974,-38.26332
144.60001,-37.45339
145.17547,-38.01399
144.75334,-37.8926
145.29799,-38.05539
145.71586,-38.09326
144.97056,-37.81154
144.5424,-37.6863
144.99768,-37.83762
144.33029,-38.06714
146.51425,-38.2009
142.14532,-34.24742
145.14477,-37.99555
144.94274,-37.74119
144.95442,-37.81289
145.30575,-38.03025
144.98349,-37.87323
144.74715,-37.68792
144.97227,-37.8103
145.41203,-36.32432
146.93993,-36.17389
146.8894,-36.11803
145.09103,-37.64332
144.72868,-37.89076
145.45593,-38.06492
145.00824,-37.81585
144.28602,-36.75554
146.69353,-36.36669
145.03269,-38.27325
144.7396,-37.72888
143.84381,-37.59292
144.98277,-37.77883
143.87158,-37.61258
145.9843,-36.54767
144.90947,-37.61532
144.93125,-37.56798
145.3073,-38.14
144.93276,-37.57522
144.33707,-38.23046
144.60622,-37.87585
144.16595,-37.34233
144.73671,-37.71349
145.0906,-37.59574
145.03753,-37.62426
145.92622,-38.17823
146.30898,-36.33783
145.17465,-38.1926
145.4017,-36.37766
145.40567,-38.05462
145.25248,-38.05901
144.76052,-37.79068
145.28649,-37.88729
144.97709,-37.83359
144.66038,-37.85424
144.7396,-37.71396
144.38711,-38.17432
145.14876,-38.0492
145.02567,-37.88817
144.69823,-37.84829
144.95494,-37.80384
144.92926,-37.69777
146.32991,-36.38595
145.94392,-38.54791
145.03508,-37.9036
147.6078,-37.82106
145.99905,-36.54745
145.0126,-37.626
144.76595,-37.9088
145.31704,-38.11617
145.35054,-37.7574
144.66571,-37.83342
144.72821,-37.84381
145.43271,-38.06277
145.11522,-37.59693
145.66006,-35.92428
144.22169,-36.73171
145.11136,-37.95784
144.98926,-37.81954
144.53319,-37.4457
145.14879,-37.96694
144.56548,-37.70712
145.35199,-37.78489
145.03148,-37.80222
145.31587,-37.97749
144.9052,-37.86311
145.20147,-38.50776
144.88506,-38.38285
145.00926,-37.6987
144.95509,-37.80519
145.11925,-38.14825
144.95615,-37.81654
145.05401,-37.83071
143.78041,-37.54597
144.99191,-37.86057
144.8961,-37.58197
144.1701,-38.04693
144.99984,-37.4241
144.33228,-38.30332
145.2398,-38.4637
145.32148,-37.86007
145.40034,-36.43612
144.70532,-37.58479
145.03178,-37.61582
145.13932,-37.94484
145.37876,-38.10602
144.36945,-38.24009
145.55883,-38.52856
144.35671,-38.21912
145.0235,-37.93846
144.57797,-37.68674
145.38232,-37.73335
144.61028,-37.9033
144.96665,37.83731
145.96161,-38.14153
144.92369,-37.67575
144.28535,-38.17178
144.99848,-37.82191
144.60498,-37.68243
144.57246,-37.73305
145.31604,-37.97748
145.08148,-37.64875
144.9052,-37.53046
145.31589,-37.97324
145.29327,-37.88319
