Suburb,2001_population,2002_population,2003_population,2004_population,2005_population,2006_population,2007_population,2008_population,2009_population,2010_population,2011_population,2012_population,2013_population,2014_population,2015_population,2016_population,2017_population,2018_population,2019_population,2020_population,2021_population
MELBOURNE,7644,9592,11400,12727,14292,15249,16225,17325,18751,20382,21815,24882,29650,33626,37162,40181,44599,47615,49743,50425,43823
EAST MELBOURNE,3731,3859,4243,4460,4495,4555,4806,5055,5202,5272,5238,5280,5333,5374,5411,5475,5495,5409,5413,5378,4962
WEST MELBOURNE,0,0,0,0,0,0,0,0,0,0,0,0,0,0,0,3,3,3,3,0,0
SOUTHBANK,5883,6050,6222,6467,6575,6704,6872,6985,7134,7174,7171,7580,7947,8258,8452,8617,8760,8937,9073,9066,8505
DOCKLANDS,154,926,1913,3089,3779,4152,4592,5040,5402,5780,6196,6802,7988,9170,10444,11832,13923,15439,16375,16678,15942
FOOTSCRAY,11564,11562,11615,11619,11731,11828,12085,12462,12815,13214,14025,14397,15280,16127,16762,17343,17665,17891,18037,18068,17420
SEDDON,4144,4143,4163,4181,4206,4256,4285,4341,4394,4419,4462,4562,4662,4780,4882,4980,5011,5028,5028,4980,4802
BROOKLYN,4911,4887,4858,4845,4836,4838,4836,4890,5012,5089,5150,5258,5351,5469,5592,5745,5817,5847,5852,5768,5523
KINGSVILLE,3936,3935,3954,3971,3995,4044,4070,4123,4174,4198,4238,4334,4428,4541,4638,4731,4761,4776,4777,4731,4561
MAIDSTONE,5062,5119,5132,5136,5193,5311,5585,5862,6158,6438,6586,6766,6975,7207,7389,7573,7700,7755,7796,7829,7627
WEST FOOTSCRAY,9807,9801,9825,9879,9988,10152,10307,10543,10700,10743,10713,10966,11220,11527,11849,12058,12144,12251,12436,12356,11885
YARRAVILLE,12573,12549,12686,12854,13006,13205,13536,13815,14030,14185,14325,14556,14791,15074,15330,15656,15797,15980,16077,16048,15653
NEWPORT,11451,11529,11605,11654,11811,12035,12338,12586,12827,12965,13065,13304,13532,13810,14104,14406,14558,14747,14966,15080,14766
SOUTH KINGSVILLE,1635,1647,1657,1664,1687,1719,1762,1798,1832,1852,1866,1900,1933,1972,2014,2058,2079,2106,2138,2154,2109
SPOTSWOOD,1635,1647,1657,1664,1687,1719,1762,1798,1832,1852,1866,1900,1933,1972,2014,2058,2079,2106,2138,2154,2109
WILLIAMSTOWN,11065,11237,11307,11374,11454,11612,11769,11902,12123,12117,12087,12178,12263,12423,12600,12901,12984,13101,13207,13095,12654
WILLIAMSTOWN NORTH,2990,3037,3055,3074,3095,3138,3180,3216,3276,3275,3266,3291,3314,3357,3405,3487,3509,3540,3569,3539,3420
ALTONA,11899,11801,11728,11605,11551,11544,11601,11724,11832,11891,11937,12035,12213,12421,12637,12858,13082,13285,13480,13492,13292
SEAHOLME,321,318,316,313,312,312,313,316,319,321,322,325,330,335,341,347,353,359,364,364,359
BRAYBROOK,7788,7875,7895,7902,7990,8170,8592,9018,9474,9904,10132,10410,10732,11088,11369,11650,11847,11930,11995,12046,11733
ALBION,3844,3819,3797,3776,3776,3795,3797,3912,4103,4246,4276,4353,4439,4500,4595,4748,4762,4761,4734,4675,4397
SUNSHINE,7980,8032,8093,8150,8244,8345,8473,8710,8936,9129,9238,9392,9618,9843,10083,10241,10300,10313,10301,10092,9576
SUNSHINE NORTH,10478,10481,10452,10486,10473,10505,10525,10592,10770,10982,11108,11302,11489,11693,11890,12123,12317,12452,12478,12436,12163
SUNSHINE WEST,11788,11730,11660,11628,11606,11611,11607,11738,12029,12213,12361,12621,12844,13126,13420,13788,13961,14034,14047,13844,13255
ALBANVALE,9341,9251,9096,8998,8877,8793,8717,8682,8642,8615,8583,8583,8589,8601,8623,8668,8743,8767,8783,8676,8448
KEALBA,4377,4347,4302,4246,4199,4155,4116,4095,4080,4066,4054,4037,4020,4004,3988,3983,3975,3959,3928,3870,3769
KINGS PARK,6227,6167,6064,5999,5918,5862,5811,5788,5761,5743,5722,5722,5726,5734,5749,5778,5828,5844,5855,5784,5632
ST ALBANS,19101,18988,18841,18748,18824,18746,18884,19102,19343,19562,19800,19887,20037,20220,20490,21064,21455,21714,21835,21643,20850
ARDEER,2795,2777,2762,2746,2746,2760,2761,2845,2984,3088,3110,3166,3228,3272,3341,3453,3463,3462,3443,3400,3197
BURNSIDE,2225,2738,3305,3820,4128,4364,4412,4442,4468,4474,4494,4564,4618,4705,4812,4943,5176,5395,5542,5733,5855
BURNSIDE HEIGHTS,18,20,32,66,194,359,1276,2409,3651,4596,5179,5545,5849,6088,6265,6431,6543,6654,6735,6621,6442
CAIRNLEA,366,1133,2325,3742,5255,6322,7362,8121,8788,9099,9311,9550,9698,9857,10040,10206,10357,10437,10442,10498,10144
CAROLINE SPRINGS,3136,4813,6616,8265,9746,11270,12248,13156,14300,15981,17310,18299,19290,19925,20377,20968,21291,21391,21336,21216,20643
DEER PARK,11221,11052,11046,11183,11443,11802,12955,14300,16298,17940,19404,20356,21256,21938,22432,23094,23498,23744,23763,23453,22629
MAMBOURIN,10547,10511,10569,10816,10965,11009,10981,11081,11112,11189,11214,11259,11327,11452,11735,12283,13533,15119,17475,20182,22661
MANOR LAKES,2923,3046,3175,3331,3657,3996,4439,4938,5508,6136,6632,7311,7910,8326,8667,9101,9674,10368,11151,11894,12614
WYNDHAM VALE,4873,5076,5291,5553,6096,6661,7398,8230,9180,10228,11054,12185,13184,13876,14445,15168,16124,17281,18585,19824,21024
ALTONA NORTH,13206,13121,12995,12906,12869,12844,12877,12974,13150,13366,13558,13786,14003,14271,14519,14787,14992,15174,15386,15377,15086
DERRIMUT,2157,2125,2124,2150,2200,2269,2491,2750,3134,3450,3731,3914,4087,4218,4313,4441,4519,4566,4569,4510,4351
WILLIAMS LANDING,1412,1393,1378,1353,1353,1353,1358,1386,1435,1525,1661,1850,2019,2230,2477,2790,3047,3237,3415,3554,3461
ALTONA MEADOWS,19168,19342,19476,19283,19379,19411,19707,19746,19895,19780,19565,19573,19617,19690,19818,20106,20156,20087,20014,19477,18665
LAVERTON,3337,3294,3257,3199,3199,3198,3212,3278,3394,3604,3926,4373,4774,5273,5856,6594,7202,7653,8071,8401,8181
HOPPERS CROSSING,17670,18195,18752,19068,19322,19406,19469,19518,19559,19591,19603,19697,19829,19931,20034,20172,20080,19913,19678,19383,18663
TARNEIT,1418,1757,2796,4036,5683,7740,10753,13456,16290,19632,22534,25743,28120,30659,33599,36404,39904,44119,48533,52726,57511
TRUGANINA,745,1049,1416,1906,2457,3128,4347,5770,7527,9365,11544,13769,15743,18321,21470,24628,27682,30484,33549,36327,38668
POINT COOK,38,38,35,40,68,300,853,1579,2487,4182,6440,8260,9987,11679,13366,15147,16734,18149,19029,19346,19385
WERRIBEE,9079,9148,9236,9421,9553,9589,9660,9742,9881,10010,10121,10257,10381,10534,10707,10973,11713,12747,13979,15208,15826
WERRIBEE SOUTH,664,669,675,689,699,701,706,712,723,732,740,750,759,770,783,802,857,932,1022,1112,1158
FLEMINGTON,6597,6603,6560,6646,6741,6880,7086,7233,7388,7577,7811,8010,8237,8436,8616,8782,8724,8713,8553,8397,7519
KENSINGTON,7686,8007,8155,8605,8830,9013,9481,9828,10158,10230,10259,10487,10762,11030,11291,11530,11535,11485,11600,11402,10874
ASCOT VALE,12516,12595,12645,12693,12782,12890,13275,13671,13914,14012,14135,14309,14491,14870,15219,15497,15676,15740,15758,15762,15351
MARIBYRNONG,5972,6571,7244,7624,8026,8550,9204,9736,10125,10510,10671,11186,11692,12118,12562,12950,13156,13195,13230,13247,12715
TRAVANCORE,1466,1467,1457,1477,1498,1529,1574,1607,1641,1683,1735,1780,1830,1874,1914,1951,1938,1936,1900,1866,1670
KEILOR EAST,7339,7273,7189,7134,7071,7021,6942,6914,6888,6818,6783,6805,6854,6919,6981,7065,7078,7075,7027,6887,6754
AVONDALE HEIGHTS,25899,25672,25363,25144,24954,24945,25026,25146,25269,25344,25394,25636,25964,26449,26960,27399,27579,27785,28073,28073,27645
KEILOR,2001,1983,1960,1945,1928,1915,1893,1885,1878,1859,1850,1856,1869,1887,1904,1927,1930,1929,1916,1878,1842
DELAHEY,8056,8388,8665,8851,8954,9049,9042,9038,9003,8896,8769,8777,8792,8807,8815,8841,8793,8727,8658,8526,8154
HILLSIDE,7225,8400,9485,10384,11401,12029,12496,12952,13353,13629,13868,14161,14694,15617,16797,18261,19385,20439,21150,21604,22764
SYDENHAM,9837,10437,10657,10905,11061,11187,11421,11573,11750,11924,12058,12158,12254,12335,12432,12585,12657,12672,12651,12421,11866
TAYLORS HILL,605,1360,2648,4071,6073,8253,10309,12082,13753,15210,16011,16991,17930,18685,19486,20218,20435,20439,20427,20265,19800
KEILOR DOWNS,10944,10867,10757,10617,10497,10387,10290,10239,10200,10165,10137,10092,10050,10010,9971,9959,9938,9899,9822,9677,9423
KEILOR LODGE,5811,5981,6087,6156,6229,6300,6367,6398,6419,6375,6318,6254,6219,6177,6158,6151,6101,6053,5985,5863,5690
TAYLORS LAKES,11623,11962,12175,12313,12458,12600,12734,12796,12838,12750,12636,12509,12438,12354,12316,12303,12203,12107,11971,11727,11380
MOONEE PONDS,12608,12691,12777,12830,12971,13123,13287,13618,14014,14164,14168,14436,14666,14820,14949,15158,15489,15768,16081,16621,16406
ABERFELDIE,1521,1519,1519,1525,1534,1548,1560,1578,1603,1623,1640,1661,1690,1733,1781,1837,1862,1874,1882,1882,1809
ESSENDON,20924,20893,20886,20974,21098,21297,21461,21697,22054,22327,22563,22845,23249,23836,24501,25270,25602,25775,25879,25880,24874
ESSENDON WEST,1967,1976,1983,1993,2001,2029,2051,2093,2116,2152,2157,2198,2247,2298,2356,2416,2454,2499,2528,2545,2506
ESSENDON NORTH,1521,1519,1519,1525,1534,1548,1560,1578,1603,1623,1640,1661,1690,1733,1781,1837,1862,1874,1882,1882,1809
STRATHMORE,8206,8188,8174,8195,8270,8345,8390,8514,8708,8746,8725,8750,8820,8893,9034,9256,9426,9528,9566,9530,9386
STRATHMORE HEIGHTS,631,629,628,630,636,641,645,654,669,672,671,673,678,684,694,712,725,732,735,733,722
AIRPORT WEST,6997,6970,6952,6904,6870,6878,6920,6983,7067,7175,7234,7301,7390,7521,7694,7903,8014,8162,8380,8349,8237
NIDDRIE,3935,3952,3967,3986,4003,4059,4102,4186,4233,4305,4314,4396,4494,4597,4712,4833,4908,4998,5057,5090,5013
GLADSTONE PARK,7069,7011,6939,6849,6811,6805,6793,6768,6742,6710,6664,6685,6710,6748,6800,6882,6932,6963,6973,6965,6816
GOWANBRAE,526,1001,1355,1543,1779,2053,2319,2516,2711,2769,2886,2907,2928,2956,2999,3042,3091,3118,3136,3152,3141
TULLAMARINE,6744,6718,6685,6630,6581,6583,6594,6605,6605,6580,6545,6550,6576,6636,6674,6698,6756,6816,6829,6817,6630
PASCOE VALE,13244,13189,13166,13167,13224,13420,13759,14024,14421,14705,14849,15253,15610,16058,16511,17143,17484,17803,17960,18002,17527
PASCOE VALE SOUTH,8841,8860,8894,8967,9070,9206,9318,9445,9678,9810,9860,9954,10038,10122,10251,10465,10693,10825,10861,10819,10461
GLENROY,18553,18446,18398,18521,18625,18812,19033,19326,19823,20196,20568,20983,21404,21969,22479,23153,23711,24259,24611,24784,23965
HADFIELD,5711,5579,5481,5461,5424,5425,5423,5452,5506,5544,5571,5592,5648,5726,5803,5911,6017,6104,6265,6383,6295
OAK PARK,5936,5912,5902,5902,5928,6015,6167,6286,6465,6592,6656,6837,6998,7198,7401,7685,7837,7981,8051,8069,7857
BROADMEADOWS,11413,11281,11127,10933,10840,10790,10786,10871,11097,11339,11522,11751,12008,12363,12733,13097,13443,13691,13887,13866,13243
DALLAS,10750,10744,10693,10632,10611,10614,10664,10814,10970,11058,11156,11173,11224,11280,11342,11414,11442,11450,11423,11246,10836
JACANA,713,705,695,683,677,674,674,679,693,708,720,734,750,772,795,818,840,855,867,866,827
MEADOW HEIGHTS,15929,15761,15588,15310,15213,15167,15405,15580,15692,15759,15767,15739,15752,15764,15755,15779,15842,15867,15857,15824,15078
ATTWOOD,4712,4674,4626,4566,4541,4537,4528,4512,4495,4473,4442,4457,4473,4499,4533,4588,4621,4642,4649,4643,4544
WESTMEADOWS,7069,7011,6939,6849,6811,6805,6793,6768,6742,6710,6664,6685,6710,6748,6800,6882,6932,6963,6973,6965,6816
NORTH MELBOURNE,11639,11939,12250,12826,13278,13714,14277,14812,15409,15875,16361,17412,18636,19644,20779,22106,23087,24187,25042,25732,23617
PARKVILLE,5332,5327,5253,5201,5157,5270,5649,6000,6331,6482,6551,6872,7174,7447,7682,7898,8182,8243,8294,8321,7446
CARLTON,9529,10022,10611,11224,11924,12737,13509,14133,14687,14926,15122,15605,16719,17843,18983,20242,20669,20869,21088,20943,17198
CARLTON NORTH,8232,8248,8255,8282,8322,8381,8485,8538,8552,8591,8576,8590,8624,8681,8750,8842,8808,8805,8774,8679,8097
PRINCES HILL,200,201,201,202,202,204,206,208,208,209,209,209,210,211,213,215,214,214,214,211,197
BRUNSWICK WEST,12415,12404,12449,12527,12609,12746,12946,13232,13580,13741,13864,13963,14057,14192,14344,14523,14549,14685,14840,14991,14499
BRUNSWICK,20661,20906,21015,21147,21384,21655,22144,22641,23110,23546,23987,24656,25384,26155,26799,27435,27704,28115,28342,28337,26306
BRUNSWICK EAST,7263,7304,7329,7514,7658,7803,8058,8313,8586,8789,8966,9208,9870,10439,11062,11716,12149,12382,12588,13045,12963
COBURG,22916,23137,23330,23584,23998,24353,24772,25319,25841,26015,26234,26540,26843,27127,27420,27802,27948,28056,27997,27750,26859
COBURG NORTH,6404,6381,6305,6293,6273,6293,6434,6490,6700,6784,6852,6969,7171,7474,7789,8112,8379,8582,8685,8763,8513
GREENVALE,8955,9160,9515,10055,10472,10825,11023,11281,11611,11918,12188,12358,12591,13125,14066,15410,16430,17517,18268,19114,20151
FAWKNER,12297,12219,12164,12181,12167,12250,12481,12674,12970,13106,13171,13316,13527,13876,14185,14460,14668,14788,14907,14768,14193
CAMPBELLFIELD,5375,5372,5346,5316,5305,5307,5332,5407,5485,5529,5578,5586,5612,5640,5671,5707,5721,5725,5711,5623,5418
CRAIGIEBURN,6842,7204,7547,7801,7909,7987,8033,8096,8118,8238,8335,8417,8524,8610,8654,8749,8834,8865,8839,8709,8197
DONNYBROOK,5138,5272,5518,5724,5955,6024,6105,6225,6360,6560,6737,6899,7040,7154,7307,7498,7803,8096,8370,8690,9552
KALKALLO,679,712,768,828,878,927,968,957,1034,1141,1228,1340,1449,1718,2148,2784,4544,7182,10846,14289,18259
MICKLEHAM,194,203,219,236,251,264,276,273,295,326,350,382,414,490,613,795,1298,2052,3098,4082,5217
ROXBURGH PARK,10152,12040,13689,15162,16437,17476,18123,18856,19589,19907,20090,20576,21154,21727,22332,23041,23678,24215,24750,25004,24433
FITZROY,8315,8503,8641,8772,8961,9241,9596,9857,10050,10238,10214,10507,10705,10880,11056,11259,11325,11364,11363,11284,10609
COLLINGWOOD,5221,5419,5537,5602,5653,5761,5939,6185,6454,6684,6867,7209,7427,8022,8582,9235,9439,9597,9817,9953,9348
ABBOTSFORD,4150,4339,4444,4452,4498,4537,4638,4727,4833,5029,5213,5544,6539,7411,8078,8770,9288,9522,9586,9662,9262
CLIFTON HILL,7673,7687,7739,7833,7909,8034,8225,8372,8519,8595,8621,8814,9001,9237,9449,9606,9675,9761,9984,10151,9980
FITZROY NORTH,11130,11162,11202,11275,11486,11606,11725,11937,12104,12163,12143,12312,12446,12658,12901,13129,13249,13330,13521,13648,12955
NORTHCOTE,21150,21244,21369,21567,21817,22220,22726,23282,23821,24070,24152,24419,24982,25551,25992,26424,26630,26885,27011,27036,25657
THORNBURY,17056,17084,17084,17118,17193,17368,17622,17880,18064,18177,18258,18484,18773,18985,19254,19578,19711,19699,19708,19763,19152
PRESTON,16709,16669,16633,16736,16990,17145,17461,17980,18472,18780,19297,19551,19777,20127,20603,21192,21430,21526,21591,21716,20997
PRESTON WEST,11144,11163,11122,11265,11428,11571,11689,11854,12030,12108,12103,12151,12269,12427,12616,12867,13029,13115,13229,13263,12828
RESERVOIR,24082,24046,24024,24153,24318,24666,24909,25115,25479,25662,25781,26379,26842,27285,27735,28420,28704,28898,29033,28929,27930
THOMASTOWN,22546,22382,22228,21869,21570,21422,21328,21398,21512,21526,21430,21420,21430,21432,21442,21485,21482,21445,21351,21152,20211
LALOR,21412,21237,20980,20603,20349,20172,20182,20345,20527,20677,20782,21313,22013,22612,23290,23874,24205,24359,24418,24305,23663
EPPING,655,645,635,619,615,617,1378,2310,3314,4027,6340,7253,8359,9351,10437,11484,12104,12421,12586,12536,12280
ALPHINGTON,2282,2293,2301,2308,2325,2346,2370,2393,2424,2462,2478,2520,2555,2589,2644,2730,2741,2723,2738,2757,2626
FAIRFIELD,5602,5630,5649,5667,5706,5758,5818,5876,5952,6043,6082,6185,6271,6354,6489,6703,6728,6685,6720,6769,6445
IVANHOE,10493,10440,10491,10480,10545,10713,10947,11275,11516,11587,11608,11655,11693,11734,11851,11998,12317,12634,12853,12867,12561
IVANHOE EAST,1276,1279,1284,1280,1291,1314,1320,1328,1333,1338,1340,1342,1344,1346,1348,1353,1353,1355,1356,1329,1300
BELLFIELD,2216,2207,2205,2195,2204,2211,2230,2246,2282,2299,2330,2353,2377,2409,2439,2467,2507,2531,2587,2586,2506
HEIDELBERG HEIGHTS,7980,7947,7940,7902,7934,7962,8031,8088,8216,8278,8390,8472,8560,8674,8780,8883,9028,9114,9316,9310,9022
HEIDELBERG WEST,3103,3090,3087,3073,3085,3096,3123,3145,3195,3219,3262,3294,3328,3373,3414,3454,3510,3544,3622,3620,3508
MILL PARK,18680,18853,18895,18938,19053,19275,19303,19360,19398,19219,19046,18841,18656,18710,18653,18712,18633,18586,18461,18255,17647
BUNDOORA,6949,6890,6788,6685,6638,6583,6527,6503,6479,6477,6503,6485,6473,6450,6440,6456,6454,6467,6472,6456,6239
KINGSBURY,1165,1238,1326,1412,1529,1639,1785,1887,1995,2039,2072,2126,2173,2205,2246,2291,2315,2310,2257,2206,2022
EAGLEMONT,6380,6397,6420,6403,6455,6570,6602,6640,6665,6693,6700,6714,6723,6732,6740,6765,6767,6775,6781,6645,6500
HEIDELBERG,6623,6649,6645,6627,6683,6756,6924,7005,7207,7292,7352,7498,7657,7782,7885,8033,8219,8349,8524,8600,8380
ROSANNA,6181,6206,6202,6185,6238,6306,6463,6538,6727,6805,6862,6999,7146,7264,7359,7498,7671,7792,7956,8026,7821
VIEWBANK,14616,14536,14476,14429,14507,14628,14800,14913,15108,15099,15020,15025,15056,15105,15154,15214,15288,15364,15380,15329,15112
MACLEOD,4918,5229,5602,5962,6456,6921,7537,7970,8423,8609,8748,8979,9175,9310,9483,9673,9777,9757,9531,9314,8541
YALLAMBIE,3654,3634,3619,3607,3626,3657,3700,3728,3777,3774,3755,3756,3764,3776,3788,3803,3822,3841,3845,3832,3778
WATSONIA,7101,7020,6960,6832,6807,6777,6880,6947,6982,6981,6990,6999,7028,7059,7094,7156,7158,7157,7120,7095,6977
WATSONIA NORTH,2367,2340,2320,2277,2269,2259,2293,2315,2327,2327,2330,2333,2342,2353,2364,2385,2386,2385,2373,2365,2325
BRIAR HILL,4717,4722,4710,4684,4695,4700,4730,4758,4833,4854,4849,4854,4866,4889,4952,5037,5057,5072,5082,5064,4997
GREENSBOROUGH,20291,20069,19908,19652,19623,19681,19786,19863,19914,19945,19937,19957,20018,20083,20162,20280,20332,20371,20382,20278,19947
ST HELENA,1067,1056,1047,1034,1032,1035,1041,1045,1048,1049,1049,1050,1053,1057,1061,1067,1070,1072,1072,1067,1049
DIAMOND CREEK,12601,12623,12517,12624,12787,12946,13267,13551,13783,13902,13931,13987,14058,14150,14221,14351,14417,14496,14484,14560,14539
PLENTY,7787,7888,8033,8220,8476,8722,8828,9047,9266,9344,9401,9512,9580,9666,9706,9794,9834,9850,9860,9751,9522
LOWER PLENTY,4717,4722,4710,4684,4695,4700,4730,4758,4833,4854,4849,4854,4866,4889,4952,5037,5057,5072,5082,5064,4997
MONTMORENCY,6290,6296,6280,6246,6260,6267,6307,6345,6444,6472,6466,6472,6488,6519,6603,6716,6743,6762,6776,6752,6663
ELTHAM,15450,15417,15393,15351,15305,15250,15207,15185,15186,15139,15050,15063,15106,15135,15176,15277,15311,15340,15354,15325,15088
ELTHAM NORTH,8828,8809,8796,8772,8745,8714,8690,8677,8678,8651,8600,8607,8632,8649,8672,8730,8749,8766,8774,8757,8622
HURSTBRIDGE,3718,3698,3649,3645,3656,3665,3662,3697,3675,3668,3660,3645,3629,3611,3603,3605,3623,3622,3618,3625,3573
KEW,24072,23938,23753,23667,23596,23583,23790,24371,24660,24757,24856,25123,25460,25957,26223,26504,26598,26642,26572,26115,24878
KEW EAST,6115,6137,6141,6156,6201,6239,6305,6407,6484,6519,6552,6581,6627,6679,6742,6855,6842,6782,6778,6776,6557
BALWYN,13881,13949,14012,14084,14222,14390,14489,14576,14669,14746,14784,14789,14846,14932,15019,15115,15328,15471,15536,15419,14800
DEEPDENE,1435,1443,1449,1456,1471,1488,1498,1507,1517,1525,1529,1529,1535,1544,1553,1563,1585,1600,1607,1595,1531
BALWYN NORTH,19958,20043,20099,20172,20289,20412,20532,20657,20753,20815,20850,21005,21155,21245,21332,21440,21609,21765,21916,21904,21411
BULLEEN,11057,11070,11046,10990,10920,10867,11013,11136,11290,11350,11376,11397,11434,11468,11504,11565,11580,11622,11615,11642,11371
TEMPLESTOWE,17182,17209,17187,17171,17178,17208,17267,17314,17376,17371,17344,17381,17427,17469,17550,17682,17706,17668,17658,17527,17105
TEMPLESTOWE LOWER,13634,13614,13550,13486,13460,13505,13590,13687,13781,13816,13792,13844,13914,14006,14155,14305,14397,14407,14425,14559,14278
DONCASTER,18365,18506,18540,18562,18562,18599,18717,18834,19015,19131,19343,19659,20097,20505,21076,21885,22697,23218,24147,25083,25172
DONCASTER EAST,11912,12011,12125,12182,12288,12404,12718,13017,13234,13284,13343,13558,13733,14019,14302,14596,14921,15108,15750,15920,15593
DONVALE,15852,15842,15816,15798,15878,15992,16064,16172,16222,16223,16152,16190,16282,16399,16520,16715,16760,16789,16758,16642,16406
NORTH WARRANDYTE,6956,6917,6880,6853,6846,6843,6838,6852,6867,6859,6846,6878,6900,6921,6954,7007,7026,7015,6993,6987,6985
WARRANDYTE,9872,10006,10152,10193,10334,10411,10425,10443,10467,10480,10502,10508,10524,10538,10560,10613,10607,10583,10541,10392,10183
CHIRNSIDE PARK,8807,9003,9078,9074,9135,9212,9251,9307,9387,9420,9422,9497,9590,9711,9941,10266,10672,11036,11454,11749,11873
BURNLEY,456,462,467,473,478,485,493,502,512,517,522,541,559,580,594,612,623,632,639,635,601
CREMORNE,609,616,623,630,637,647,657,669,682,689,696,721,745,773,793,817,831,842,853,847,801
RICHMOND,23305,23592,23845,24123,24393,24750,25161,25602,26117,26376,26622,27610,28511,29582,30334,31255,31820,32235,32633,32426,30652
HAWTHORN,19711,19812,19969,20182,20326,20531,20863,21091,21470,21721,22013,22356,23046,23629,24047,24548,24733,24783,24694,24216,22188
HAWTHORN EAST,12912,13172,13343,13423,13505,13626,13835,14022,14241,14369,14417,14531,14732,15066,15601,16192,16466,16670,16749,16689,15898
CAMBERWELL,20073,20112,20126,20144,20202,20218,20339,20479,20701,20822,20918,21144,21381,21739,22179,22646,22791,22799,22823,22583,21512
BURWOOD,9807,9841,9856,9957,10048,10227,10363,10650,10936,11150,11327,11564,11846,12174,12493,12900,13249,13390,13447,13467,12543
CANTERBURY,7136,7146,7150,7173,7212,7250,7298,7359,7412,7429,7441,7468,7512,7544,7588,7661,7656,7662,7642,7501,7198
MONT ALBERT,9243,9271,9414,9466,9522,9643,9832,10014,10150,10207,10145,10164,10228,10288,10356,10456,10559,10657,10743,10660,10262
SURREY HILLS,8815,8828,8833,8861,8909,8955,9015,9091,9157,9178,9191,9226,9279,9319,9374,9464,9457,9466,9441,9267,8891
BOX HILL,12700,12787,12850,12963,13245,13546,13987,14318,14771,14979,14997,15373,15761,16130,16584,17134,17880,18652,19256,19816,19101
BOX HILL SOUTH,2746,2764,2778,2802,2863,2929,3024,3095,3193,3238,3242,3323,3407,3487,3585,3704,3866,4033,4163,4284,4130
BOX HILL NORTH,11177,11205,11222,11273,11360,11492,11649,11828,12022,12077,12067,12210,12426,12707,12895,13080,13144,13212,13280,13378,12965
MONT ALBERT NORTH,4602,4614,4620,4641,4677,4732,4797,4870,4950,4973,4968,5028,5116,5232,5309,5385,5412,5440,5468,5508,5338
BLACKBURN,15708,15712,15704,15706,15779,15867,16045,16427,16701,16831,16950,17184,17452,17663,17948,18310,18558,18668,18818,18895,18367
BLACKBURN NORTH,3414,3415,3414,3414,3430,3449,3488,3571,3630,3658,3684,3735,3794,3839,3901,3980,4034,4058,4091,4107,3992
BLACKBURN SOUTH,10608,10574,10557,10546,10530,10588,10668,10760,10873,10958,10975,10982,11010,11046,11101,11229,11293,11346,11374,11328,11022
FOREST HILL,9976,9965,9963,9973,9976,10010,10124,10180,10321,10370,10430,10483,10636,10772,10874,11074,11192,11251,11193,11151,10866
NUNAWADING,10693,10639,10526,10478,10466,10553,10846,10985,11200,11276,11382,11576,11742,11867,12089,12363,12623,12778,12829,12846,12522
MITCHAM,14232,14378,14524,14635,14734,14852,14976,15102,15208,15265,15346,15804,16205,16482,16686,16859,17077,17220,17268,17318,16935
VERMONT,9544,9538,9522,9533,9561,9705,9860,9988,10147,10214,10261,10392,10517,10619,10750,10896,11021,11137,11251,11324,11083
VERMONT SOUTH,12228,12120,11988,11928,11865,11905,11915,11906,11968,11964,11891,11946,12004,12070,12143,12251,12344,12382,12375,12288,12044
RINGWOOD,15380,15350,15330,15247,15211,15222,15411,15701,16175,16410,16594,16882,17152,17410,17654,17931,18293,18490,18857,19132,18919
RINGWOOD NORTH,9519,9515,9497,9504,9530,9541,9569,9599,9637,9660,9658,9711,9775,9857,9910,9991,10052,10066,10036,9919,9726
HEATHMONT,2838,2829,2826,2823,2841,2851,2899,2933,2981,2992,3026,3048,3073,3123,3178,3235,3278,3304,3328,3346,3284
RINGWOOD EAST,15609,15559,15543,15529,15628,15680,15946,16133,16396,16461,16643,16769,16902,17176,17479,17795,18033,18173,18309,18408,18066
CROYDON,10458,10626,10790,10849,10875,10991,11191,11397,11622,11666,11738,12062,12475,12891,13343,13805,14111,14313,14505,14542,14247
CROYDON HILLS,8824,8855,8851,8922,9042,9116,9131,9227,9364,9364,9306,9309,9332,9346,9348,9376,9384,9376,9355,9308,9117
CROYDON NORTH,8824,8855,8851,8922,9042,9116,9131,9227,9364,9364,9306,9309,9332,9346,9348,9376,9384,9376,9355,9308,9117
CROYDON SOUTH,4463,4418,4376,4356,4335,4330,4387,4469,4574,4647,4678,4692,4728,4785,4824,4856,4899,4914,4944,5008,4936
KILSYTH,8661,8626,8622,8599,8576,8602,8625,8668,8737,8768,8773,8918,9047,9139,9280,9470,9591,9678,9869,9948,9980
MOOROOLBARK,19556,19549,19524,19550,19690,19863,20181,20506,20870,21073,21321,21525,21824,22208,22604,23027,23395,23571,23822,23888,23447
SEVILLE,7112,7190,7227,7241,7241,7316,7372,7446,7560,7608,7646,7658,7700,7748,7798,7884,7935,8003,7987,7982,7959
LILYDALE,16176,16472,16656,16719,16904,17169,17445,17889,18306,18454,18517,18668,18778,18925,19212,19448,19646,19806,19891,19923,19783
SOUTH YARRA,12922,13441,13626,13831,14110,14406,14572,14860,15292,15566,15778,17116,18062,19382,20587,22350,23147,23826,24054,23503,21581
TOORAK,13318,13367,13455,13563,13672,13765,13861,13956,13979,13939,13768,13795,13841,13878,13939,14036,13958,13947,13903,13627,13098
ARMADALE,8632,8683,8724,8770,8783,8863,8990,9148,9260,9318,9301,9308,9338,9387,9485,9619,9632,9899,10036,10063,9436
KOOYONG,446,447,451,454,457,460,464,475,484,487,488,494,499,503,506,509,511,514,519,516,493
MALVERN,3571,3579,3610,3638,3656,3685,3715,3803,3876,3900,3909,3955,3995,4028,4049,4076,4090,4118,4159,4132,3948
CAULFIELD EAST,2530,2553,2558,2563,2595,2626,2650,2680,2718,2744,2760,2790,2836,2881,2927,2971,3045,3070,3087,3117,3031
MALVERN EAST,19439,19584,19681,19904,20004,20308,20608,20848,20964,20975,20989,21271,21540,21868,22174,22575,22779,22973,23087,23062,22221
GLEN IRIS,14507,14543,14666,14782,14852,14973,15095,15451,15747,15846,15881,16069,16233,16365,16452,16561,16619,16732,16898,16788,16040
ASHBURTON,7022,7084,7138,7189,7266,7286,7477,7618,7733,7834,7875,7912,7948,7970,8018,8104,8175,8245,8292,8301,8025
ASHWOOD,5501,5556,5579,5627,5781,5921,6056,6141,6281,6318,6440,6646,6828,6993,7144,7323,7494,7573,7678,7700,7506
CHADSTONE,9001,9091,9130,9207,9461,9690,9909,10049,10278,10339,10538,10875,11173,11443,11690,11984,12262,12392,12565,12601,12283
MOUNT WAVERLEY,16422,16441,16436,16493,16551,16737,16962,17350,17792,17921,17889,18145,18407,18698,18940,19291,19585,19899,20069,20037,19475
GLEN WAVERLEY,21261,21164,21112,21064,21086,21180,21242,21294,21481,21499,21561,21689,21813,21922,22020,22153,22374,22559,22699,22667,21899
WHEELERS HILL,21532,21213,20944,20755,20642,20627,20489,20431,20416,20295,20125,20165,20209,20450,20727,20880,20970,21033,21116,21164,20854
BURWOOD EAST,10180,10140,10145,10165,10183,10239,10312,10408,10525,10572,10614,10636,10667,10685,10713,10772,10836,10892,10965,11041,10778
WANTIRNA,14733,14707,14561,14524,14383,14361,14383,14329,14334,14339,14320,14326,14338,14355,14376,14425,14534,14678,14765,14849,14450
WANTIRNA SOUTH,18014,18180,18164,18199,18191,18278,18238,18309,18304,18270,18176,18175,18243,18326,18437,18580,18591,18602,18612,18578,18102
BAYSWATER,10728,10746,10792,10831,10867,10973,11124,11213,11361,11458,11635,11807,11995,12219,12415,12584,12690,12808,12934,12973,12707
BAYSWATER NORTH,11032,11054,11116,11188,11203,11219,11353,11577,11770,11819,11819,11866,11952,12033,12126,12257,12310,12382,12411,12316,11968
THE BASIN,4533,4485,4441,4401,4372,4376,4388,4397,4413,4418,4418,4417,4418,4419,4423,4441,4458,4466,4451,4409,4380
BORONIA,20673,20649,20653,20564,20568,20629,20802,21028,21227,21312,21461,21567,21740,22047,22430,22918,23226,23405,23669,23886,23831
FERNTREE GULLY,13461,13352,13288,13180,13121,13079,13099,13193,13579,13769,13815,13939,14041,14120,14214,14337,14406,14467,14520,14428,14249
UPPER FERNTREE GULLY,14986,14873,14785,14638,14560,14651,14840,15012,15201,15177,15133,15148,15170,15179,15192,15230,15290,15402,15523,15494,15448
UPWEY,10357,10360,10310,10256,10148,10096,10070,10072,10095,10085,10067,10045,10026,10017,10019,10040,10032,10016,9986,9938,9848
CAULFIELD NORTH,16445,16595,16629,16663,16867,17071,17225,17420,17667,17838,17942,18139,18440,18732,19028,19316,19796,19957,20068,20262,19707
CAULFIELD,7245,7275,7328,7435,7536,7650,7692,7812,7923,7960,7983,8077,8172,8304,8413,8523,8596,8679,8706,8661,8448
CAULFIELD SOUTH,8390,8423,8486,8608,8725,8857,8906,9046,9174,9216,9243,9352,9463,9616,9742,9869,9953,10050,10081,10029,9783
CARNEGIE,14982,15086,15136,15257,15477,15659,16003,16289,16742,16915,17047,17367,17775,18192,18645,19091,19281,19541,19673,19659,18803
GLEN HUNTLY,4791,4839,4840,4886,4955,5137,5289,5430,5573,5634,5692,5797,5884,5969,6033,6171,6204,6237,6259,6231,5838
MURRUMBEENA,8004,8083,8117,8262,8387,8548,8744,8896,8977,8990,8983,9143,9283,9458,9640,9809,9891,9891,9870,9761,9471
DANDENONG SOUTH,381,384,384,385,389,394,410,427,439,451,464,484,505,525,540,554,560,564,565,557,531
BENTLEIGH EAST,12594,12654,12716,12877,13023,13194,13413,13706,14046,14152,14196,14411,14648,14930,15198,15482,15707,15973,16393,16790,16756
HUGHESDALE,6382,6382,6440,6569,6636,6764,7045,7253,7465,7485,7384,7528,7648,7748,7882,8038,8053,7991,7920,7948,7644
HUNTINGDALE,1247,1249,1253,1261,1270,1284,1303,1331,1356,1372,1384,1398,1412,1430,1449,1475,1499,1516,1536,1544,1516
OAKLEIGH,7487,7495,7518,7567,7625,7709,7821,7986,8141,8236,8308,8392,8476,8580,8696,8850,8994,9096,9216,9269,9099
OAKLEIGH EAST,6239,6246,6265,6306,6354,6424,6517,6655,6784,6863,6923,6993,7063,7150,7247,7375,7495,7580,7680,7724,7582
OAKLEIGH SOUTH,4159,4164,4177,4204,4236,4282,4345,4436,4522,4575,4615,4662,4709,4767,4831,4916,4996,5053,5120,5149,5055
CLAYTON,12749,13170,13655,13833,14268,14724,14983,15077,15479,15745,16744,17629,18488,19227,20158,21198,22062,22730,22928,23105,20142
NOTTING HILL,1487,1536,1593,1613,1664,1717,1748,1758,1805,1837,1953,2056,2156,2243,2351,2473,2574,2651,2674,2695,2349
CLARINDA,12807,12626,12500,12455,12367,12334,12241,12224,12223,12234,12199,12218,12248,12272,12290,12323,12312,12276,12212,12119,11656
CLAYTON SOUTH,11290,11132,11009,10961,10947,10961,11068,11456,11884,12078,12254,12569,12823,13000,13141,13296,13418,13654,14087,14139,13570
MULGRAVE,16951,16788,16633,16648,16747,16866,17227,17641,18028,18296,18517,18977,19466,19874,20181,20462,20517,20609,20667,20675,20078
SPRINGVALE,18557,18581,18603,18641,18716,19033,19245,19586,19969,20353,20712,20940,21132,21505,22188,22761,23210,23540,23763,23636,22537
DINGLEY VILLAGE,10390,10395,10381,10370,10375,10374,10420,10454,10505,10549,10568,10597,10616,10608,10603,10611,10646,10692,10756,10722,10554
SPRINGVALE SOUTH,11607,11602,11603,11678,11738,12064,12217,12452,12650,12715,12687,12764,12844,12964,13065,13227,13295,13321,13331,13285,12738
KEYSBOROUGH,17094,16860,16805,16922,17335,18050,18929,19777,20489,20479,20848,21808,23054,24327,25758,27471,28501,29380,30105,30487,30488
NOBLE PARK,16718,16634,16529,16526,16521,16740,16933,17143,17524,17668,17873,18101,18350,18686,19065,19435,19784,20015,20260,20215,19818
NOBLE PARK NORTH,9827,9884,9945,10023,10088,10284,10660,10947,11381,11639,11931,12116,12331,12581,12801,13073,13294,13482,13590,13596,12901
DANDENONG,22152,22280,22302,22338,22590,22852,23821,24822,25475,26161,26949,28092,29344,30461,31368,32145,32526,32729,32782,32321,30798
DANDENONG NORTH,23088,22990,22860,22832,22815,22847,22875,22965,23010,22983,22949,23056,23178,23302,23449,23684,23824,23914,23953,23627,22839
DOVETON,8393,8322,8265,8195,8140,8060,8185,8315,8493,8696,8912,9099,9339,9570,9720,9889,10075,10210,10279,10415,10050
EUMEMMERRING,1678,1664,1653,1639,1628,1612,1637,1663,1698,1739,1782,1819,1867,1914,1944,1977,2015,2042,2055,2083,2010
ROWVILLE,16110,16095,16120,16096,16017,15980,15873,15955,15991,15998,15839,15832,15837,15839,15835,15864,15887,15883,15869,15804,15540
SCORESBY,4965,4942,4917,4903,4899,4913,4936,4972,5020,5038,5051,5196,5338,5491,5677,5907,6077,6215,6339,6372,6274
KNOXFIELD,8276,8238,8195,8172,8166,8189,8227,8287,8368,8397,8419,8661,8897,9153,9462,9845,10128,10359,10565,10620,10458
PRAHRAN,12792,12897,12971,13200,13386,13568,13820,14111,14330,14417,14450,14961,15405,15794,16066,16406,16475,16407,16257,16064,15007
WINDSOR,3795,3826,3848,3916,3971,4025,4100,4187,4252,4277,4287,4439,4571,4686,4767,4868,4888,4868,4823,4766,4452
ST KILDA,19808,20203,20680,21061,21537,21990,22471,22918,23451,23798,24091,25233,26027,26760,27349,28166,28686,29228,29429,29011,26204
BALACLAVA,14340,14580,14688,14823,14938,15054,15150,15349,15656,15820,15851,15917,16066,16282,16449,16732,16683,16763,16818,16382,15280
ELWOOD,13342,13500,13683,13934,14216,14477,14790,15076,15425,15552,15666,15807,15910,16063,16145,16382,16383,16259,16191,15910,15041
ELSTERNWICK,9427,9457,9496,9567,9598,9726,9918,10057,10210,10282,10295,10350,10463,10655,10781,11041,11156,11313,11400,11391,10970
GARDENVALE,912,915,918,925,928,941,959,973,988,995,996,1001,1012,1031,1043,1068,1079,1094,1103,1102,1061
RIPPONLEA,754,767,773,780,786,792,797,807,824,832,834,837,845,856,865,880,878,882,885,862,804
BRIGHTON,21029,21084,21141,21190,21244,21360,21669,21940,22264,22441,22526,22651,22989,23467,23933,24353,24484,24530,24443,24110,23053
BRIGHTON EAST,14355,14585,14782,14876,15011,15265,15460,15739,15958,16060,16087,16216,16372,16473,16585,16718,16792,16903,16978,16989,16695
HAMPTON,11605,11646,11712,11757,11822,11997,12158,12340,12529,12651,12816,12917,13033,13153,13284,13476,13560,13616,13681,13738,13328
HAMPTON EAST,4420,4436,4461,4479,4503,4570,4631,4701,4772,4819,4882,4920,4965,5011,5060,5134,5166,5187,5212,5233,5077
MOORABBIN,5043,5253,5570,5850,5994,6163,6310,6349,6426,6442,6508,6601,6694,6815,6962,7196,7305,7352,7409,7340,7154
HIGHETT,9657,9672,9677,9701,9750,9837,10008,10228,10431,10523,10544,10696,10817,11050,11226,11463,11755,12139,12349,12582,12541
SANDRINGHAM,6076,6115,6141,6178,6240,6320,6415,6510,6581,6630,6689,6778,6923,7078,7235,7375,7408,7472,7568,7530,7376
CHELTENHAM,19727,19689,19669,19731,19817,19969,20271,20425,20898,21083,21192,21556,22048,22533,22962,23449,23748,24220,24496,24775,24355
BEAUMARIS,12763,12768,12729,12715,12721,12767,12877,13123,13264,13351,13375,13472,13631,13831,13995,14250,14269,14423,14391,14343,14124
BLACK ROCK,8355,8409,8443,8496,8580,8690,8821,8952,9049,9117,9198,9319,9520,9732,9948,10141,10186,10274,10406,10354,10142
MENTONE,11561,11506,11474,11514,11524,11571,11682,11728,11936,12046,12224,12573,12768,13031,13332,13695,13778,13802,13870,13838,13304
ASPENDALE,7724,7723,7720,7742,7751,7779,7868,7989,8148,8243,8325,8430,8522,8604,8768,8917,8954,9076,9203,9169,9108
ASPENDALE GARDENS,5561,6096,6421,6683,6971,7365,7857,8269,8818,8987,9109,9216,9281,9358,9366,9427,9395,9372,9319,9179,8927
MORDIALLOC,7774,7990,8192,8313,8470,8631,8793,8969,9189,9255,9260,9443,9560,9674,9790,9985,10034,10162,10329,10358,10204
PARKDALE,8551,8790,9012,9145,9317,9494,9672,9866,10107,10181,10187,10388,10516,10641,10769,10983,11037,11178,11362,11393,11224
BONBEACH,6958,7009,7052,7054,7109,7182,7360,7548,7818,7966,8064,8208,8348,8454,8637,8899,9029,9118,9180,9241,9188
CHELSEA,4639,4673,4701,4703,4739,4788,4907,5032,5212,5310,5376,5472,5565,5636,5758,5933,6019,6078,6120,6161,6125
EDITHVALE,3862,3861,3860,3871,3875,3889,3934,3994,4074,4121,4162,4215,4261,4302,4384,4458,4477,4538,4601,4584,4554
CARRUM,5873,6034,6108,6137,6176,6208,6297,6504,6641,6685,6665,6672,6710,6768,6830,6920,6979,7041,7040,7001,6922
PATTERSON LAKES,4404,4525,4581,4602,4632,4656,4722,4878,4981,5014,4998,5004,5032,5076,5122,5190,5234,5281,5280,5250,5192
SEAFORD,16257,16136,16001,15922,15840,15892,16013,16201,16408,16516,16574,16719,16866,16980,17046,17151,17235,17315,17389,17417,17359
FRANKSTON,22188,22001,21847,21628,21540,21540,21697,21951,22103,22239,22301,22417,22620,22850,23135,23510,23727,23973,24104,24230,23908
FRANKSTON SOUTH,17131,17187,17296,17394,17519,17722,17823,17928,18084,18176,18260,18369,18518,18652,18793,18995,19095,19179,19241,19156,18948
FRANKSTON NORTH,20230,19923,19605,19511,19255,19105,19160,19289,19458,19581,19620,19682,19725,19777,19827,19939,19990,20007,19989,19945,19665
CARRUM DOWNS,15419,15889,16346,16815,17122,17550,17898,18342,19058,19499,19682,20036,20584,20975,21291,21549,21813,22027,22172,22358,22262
HEATHERTON,1440,1501,1591,1671,1712,1761,1802,1814,1836,1840,1859,1886,1912,1947,1989,2056,2087,2100,2117,2097,2044
BENTLEIGH,12292,12413,12594,12777,12927,13144,13386,13656,13919,14052,14137,14419,14658,14856,15003,15190,15546,15831,16198,16366,16231
MCKINNON,6793,6859,6960,7061,7144,7264,7397,7546,7692,7766,7813,7968,8100,8210,8291,8395,8591,8749,8952,9044,8969
ORMOND,6123,6184,6184,6244,6332,6565,6759,6938,7121,7200,7274,7407,7518,7627,7708,7885,7927,7970,7998,7961,7459
SOUTH MELBOURNE,2645,2720,2798,2907,2956,3014,3090,3140,3208,3225,3224,3408,3573,3713,3800,3874,3939,4018,4079,4077,3824
ALBERT PARK,8730,8890,9035,9174,9366,9564,9692,9831,10055,10302,10594,10688,10787,11006,11331,11640,11643,11802,12050,11959,11310
MIDDLE PARK,3637,3704,3764,3822,3902,3985,4038,4096,4189,4292,4414,4453,4494,4585,4721,4850,4851,4917,5020,4982,4712
PORT MELBOURNE,9,9,9,9,9,9,10,11,13,14,15,17,19,21,23,25,182,535,881,1268,1472
LARA,11767,12298,12603,12791,12975,13215,13390,13590,13754,13952,14274,14856,15370,15791,16196,16728,17226,17783,18232,18486,18765
ANAKIE,1307,1366,1400,1421,1441,1468,1487,1510,1528,1550,1586,1650,1707,1754,1799,1858,1914,1975,2025,2054,2085
LOVELY BANKS,1101,1099,1094,1085,1073,1070,1076,1082,1088,1097,1102,1105,1109,1112,1116,1126,1137,1144,1149,1150,1141
CORIO,14324,14291,14225,14116,13957,13912,13988,14071,14155,14262,14337,14367,14417,14463,14519,14640,14791,14874,14945,14960,14840
NORLANE,8815,8794,8754,8687,8589,8561,8608,8659,8711,8776,8823,8841,8872,8900,8935,9009,9102,9153,9197,9206,9132
NORTH SHORE,2203,2198,2188,2171,2147,2140,2152,2164,2177,2194,2205,2210,2218,2225,2233,2252,2275,2288,2299,2301,2283
BELL PARK,6336,6377,6398,6420,6440,6455,6495,6554,6624,6701,6760,6756,6764,6793,6864,7018,7139,7219,7389,7384,7344
BELL POST HILL,1810,1822,1828,1834,1840,1844,1855,1872,1892,1914,1931,1930,1932,1941,1961,2005,2039,2062,2111,2109,2098
DRUMCONDRA,905,911,914,917,920,922,927,936,946,957,965,965,966,970,980,1002,1019,1031,1055,1054,1049
HAMLYN HEIGHTS,3240,3249,3247,3228,3210,3218,3230,3261,3293,3320,3347,3365,3387,3406,3435,3481,3516,3563,3614,3670,3694
NORTH GEELONG,2715,2733,2742,2751,2760,2766,2783,2809,2839,2872,2897,2895,2899,2911,2942,3008,3059,3094,3166,3164,3147
RIPPLESIDE,1810,1822,1828,1834,1840,1844,1855,1872,1892,1914,1931,1930,1932,1941,1961,2005,2039,2062,2111,2109,2098
BELMONT,14160,14015,13901,13790,13683,13631,13630,13666,13705,13805,13910,13968,14012,14086,14175,14312,14591,14741,14956,15070,14994
GROVEDALE,9060,9414,9742,10086,10541,10955,11323,11686,11998,12307,12585,12727,12988,13280,13877,14868,16173,17570,18881,20408,21944
HIGHTON,7500,7752,8001,8205,8394,8594,8775,8960,9207,9429,9616,9889,10253,10597,10855,11051,11181,11364,11527,11546,11674
MARSHALL,604,627,649,672,702,730,754,779,799,820,839,848,865,885,925,991,1078,1171,1258,1360,1462
MOUNT DUNEED,5625,5814,6001,6153,6295,6445,6581,6720,6905,7072,7212,7417,7690,7948,8141,8288,8386,8523,8645,8660,8756
WAURN PONDS,2343,2422,2500,2564,2623,2685,2742,2800,2877,2946,3005,3090,3204,3311,3392,3453,3494,3551,3602,3608,3648
ARMSTRONG CREEK,10768,11124,11277,11427,11550,11611,11869,12128,12391,12669,13009,13444,14010,14800,15706,16693,17580,18464,19402,20311,21196
CHARLEMONT,4832,5021,5196,5379,5622,5843,6039,6233,6399,6564,6712,6788,6927,7082,7401,7930,8625,9371,10070,10884,11703
FYANSFORD,405,406,405,403,401,402,403,407,411,415,418,420,423,425,429,435,439,445,451,458,461
GEELONG WEST,10532,10562,10555,10491,10435,10458,10498,10600,10704,10791,10878,10939,11008,11071,11166,11316,11428,11581,11745,11930,12007
HERNE HILL,3240,3249,3247,3228,3210,3218,3230,3261,3293,3320,3347,3365,3387,3406,3435,3481,3516,3563,3614,3670,3694
MANIFOLD HEIGHTS,1215,1218,1217,1210,1204,1206,1211,1223,1235,1245,1255,1262,1270,1277,1288,1305,1318,1336,1355,1376,1385
BREAKWATER,1023,1024,1027,1030,1030,1028,1035,1041,1048,1057,1064,1075,1087,1100,1110,1120,1131,1141,1150,1154,1155
EAST GEELONG,2047,2049,2054,2060,2061,2056,2070,2083,2097,2115,2129,2151,2175,2200,2220,2241,2262,2283,2300,2309,2310
NEWCOMB,11146,11333,11500,11636,11730,11740,11764,11806,11840,11908,11969,11964,11941,11904,11886,11898,12001,12112,12316,12360,12321
GEELONG,7848,7855,7875,7899,7903,7883,7936,7984,8041,8110,8163,8247,8340,8433,8513,8593,8673,8755,8818,8852,8856
NEWTOWN,9774,9769,9787,9800,9807,9827,9857,9885,9913,9968,10030,10073,10205,10273,10368,10483,10551,10598,10612,10539,10406
SOUTH GEELONG,1023,1024,1027,1030,1030,1028,1035,1041,1048,1057,1064,1075,1087,1100,1110,1120,1131,1141,1150,1154,1155
MOOLAP,2786,2833,2875,2909,2932,2935,2941,2951,2960,2977,2992,2991,2985,2976,2971,2974,3000,3028,3079,3090,3080
CLIFTON SPRINGS,2354,2433,2461,2487,2525,2546,2580,2619,2667,2708,2738,2767,2826,2905,3017,3136,3263,3403,3589,3717,3857
CURLEWIS,7849,8112,8203,8293,8419,8489,8603,8730,8890,9026,9127,9224,9421,9685,10056,10456,10877,11343,11966,12393,12858
INDENTED HEAD,743,752,766,772,788,783,808,824,853,882,916,948,971,984,1003,1036,1071,1114,1159,1222,1303
PORTARLINGTON,2974,3009,3066,3089,3153,3134,3234,3298,3412,3531,3667,3795,3885,3938,4014,4147,4286,4459,4636,4891,5213
ST LEONARDS,1673,1692,1724,1737,1773,1763,1819,1855,1919,1986,2062,2135,2185,2215,2258,2332,2411,2508,2607,2751,2932
LEOPOLD,8074,8428,8725,8877,8965,9067,9065,9219,9485,9784,10230,10726,11369,11985,12544,13140,13352,13398,13302,13255,13213
POINT LONSDALE,3534,3558,3557,3540,3515,3540,3536,3557,3564,3578,3569,3579,3589,3600,3615,3642,3784,3931,4091,4383,4676
QUEENSCLIFF,589,593,592,590,585,590,589,592,594,596,594,596,598,600,602,607,630,655,681,730,779
BARWON HEADS,4456,4603,4666,4728,4779,4804,4911,5018,5127,5242,5383,5563,5797,6124,6499,6907,7274,7640,8028,8404,8770
CONNEWARRE,371,383,388,394,398,400,409,418,427,436,448,463,483,510,541,575,606,636,669,700,730
BELLBRAE,681,708,723,737,752,783,831,881,934,982,1033,1089,1133,1176,1224,1275,1335,1398,1474,1553,1641
JAN JUC,681,708,723,737,752,783,831,881,934,982,1033,1089,1133,1176,1224,1275,1335,1398,1474,1553,1641
TORQUAY,8861,9208,9405,9583,9786,10190,10809,11458,12142,12777,13430,14158,14738,15288,15916,16580,17361,18175,19167,20192,21334
ANGLESEA,4748,4791,4822,4816,4818,4799,4871,4989,5073,5123,5151,5165,5184,5195,5211,5261,5379,5519,5671,5882,6189
APOLLO BAY,2071,2087,2106,2106,2095,2075,2093,2100,2094,2076,2052,2073,2098,2111,2122,2133,2179,2224,2278,2343,2386
MARENGO,345,347,351,351,349,345,348,350,349,346,342,345,349,351,353,355,363,370,379,390,397
SKENES CREEK,345,347,351,351,349,345,348,350,349,346,342,345,349,351,353,355,363,370,379,390,397
FORREST,345,347,351,351,349,345,348,350,349,346,342,345,349,351,353,355,363,370,379,390,397
CARLISLE RIVER,345,347,351,351,349,345,348,350,349,346,342,345,349,351,353,355,363,370,379,390,397
MORIAC,1354,1359,1360,1372,1371,1377,1386,1403,1431,1439,1447,1448,1450,1450,1451,1456,1471,1497,1536,1586,1645
WINCHELSEA,4063,4077,4080,4118,4115,4131,4158,4211,4293,4317,4341,4345,4350,4352,4353,4368,4414,4491,4608,4760,4936
GERANGAMETE,2914,2885,2873,2866,2854,2831,2816,2820,2802,2760,2709,2704,2701,2696,2690,2690,2709,2735,2761,2795,2821
COLAC,8574,8584,8643,8631,8657,8639,8687,8741,8819,8916,8985,9047,9120,9183,9252,9337,9410,9480,9528,9566,9522
ELLIMINYT,2858,2861,2881,2877,2885,2879,2895,2913,2939,2972,2995,3015,3040,3061,3084,3112,3136,3160,3176,3188,3174
BEEAC,2914,2885,2873,2866,2854,2831,2816,2820,2802,2760,2709,2704,2701,2696,2690,2690,2709,2735,2761,2795,2821
CAMPERDOWN,3661,3658,3622,3599,3583,3566,3531,3515,3529,3506,3477,3490,3503,3509,3516,3526,3543,3558,3535,3491,3470
TERANG,2871,2857,2820,2813,2798,2788,2776,2761,2765,2748,2733,2728,2724,2721,2717,2716,2705,2677,2668,2675,2679
PETERBOROUGH,7914,7880,7780,7754,7700,7683,7627,7567,7513,7509,7534,7494,7432,7366,7306,7274,7266,7256,7233,7192,7148
HEXHAM,6718,6704,6676,6643,6638,6652,6606,6631,6703,6739,6779,6764,6749,6734,6716,6709,6714,6741,6790,6873,6989
WARRNAMBOOL,17053,17449,17726,17937,18172,18528,18877,19107,19369,19634,19879,20253,20612,20930,21217,21442,21676,21934,22157,22379,22462
HAWKESDALE,8317,8387,8450,8487,8517,8601,8694,8792,8878,8965,9024,9167,9300,9383,9467,9603,9681,9773,9833,9842,9963
PENSHURST,1121,1116,1114,1106,1105,1105,1106,1104,1100,1082,1072,1063,1052,1041,1030,1023,1024,1027,1030,1034,1044
HAMILTON,10266,10300,10326,10353,10375,10334,10386,10388,10378,10344,10225,10186,10143,10106,10080,10081,10122,10178,10243,10332,10284
BRANXHOLME,1121,1116,1114,1106,1105,1105,1106,1104,1100,1082,1072,1063,1052,1041,1030,1023,1024,1027,1030,1034,1044
CAPE BRIDGEWATER,9303,9280,9254,9228,9254,9246,9201,9205,9171,9068,8922,8879,8842,8794,8765,8778,8793,8813,8827,8839,8871
PORTLAND,9769,9769,9770,9774,9789,9821,9818,9829,9829,9869,9903,9914,9924,9929,9926,9948,9992,10052,10125,10165,10165
PORTLAND WEST,976,976,977,977,978,982,981,982,982,986,990,991,992,992,992,994,999,1005,1012,1016,1016
COLERAINE,4485,4466,4458,4424,4422,4423,4425,4417,4402,4330,4291,4252,4208,4167,4122,4095,4097,4110,4121,4139,4176
KADNOOK,3353,3303,3270,3215,3174,3143,3088,3047,3018,2974,2902,2871,2842,2806,2780,2782,2784,2783,2781,2782,2748
BANNOCKBURN,2569,2723,2970,3182,3440,3587,3825,4078,4313,4527,4754,5121,5584,5910,6192,6549,6877,7122,7352,7594,7733
BONNIE BROOK,1204,1400,1580,1730,1900,2004,2082,2158,2225,2271,2311,2360,2449,2602,2799,3043,3230,3406,3525,3600,3794
ROCKBANK,380,398,417,442,485,515,528,538,556,577,599,603,614,639,658,680,1022,1630,2226,2869,3856
THORNHILL PARK,428,448,469,498,546,580,594,605,625,650,674,678,691,719,740,765,1150,1834,2504,3228,4338
AINTREE,380,398,417,442,485,515,528,538,556,577,599,603,614,639,658,680,1022,1630,2226,2869,3856
DEANSIDE,570,597,625,664,728,773,793,807,834,866,899,905,921,959,987,1020,1534,2445,3339,4304,5784
HARKNESS,4810,4951,5158,5338,5695,6214,6681,7136,7639,8096,8537,9020,9441,9831,10227,10680,11197,11775,12335,12588,12648
KURUNJANG,5296,5344,5418,5486,5562,5707,5911,6103,6349,6642,6842,6969,7037,7110,7215,7335,7414,7497,7592,7579,7392
MELTON,8826,8907,9030,9143,9271,9512,9853,10171,10582,11070,11404,11616,11729,11851,12026,12225,12356,12496,12653,12633,12320
MELTON WEST,3367,3466,3610,3736,3987,4350,4676,4995,5347,5667,5976,6314,6609,6881,7159,7476,7837,8242,8634,8812,8853
BROOKFIELD,2103,2103,2100,2102,2110,2124,2162,2257,2430,2605,2788,3081,3368,3624,3896,4216,4588,4972,5445,6028,6535
COBBLEBANK,525,525,525,525,527,531,540,564,607,651,697,770,842,906,974,1054,1147,1243,1361,1507,1633
EXFORD,262,262,262,262,263,265,270,282,303,325,348,385,421,453,487,527,573,621,680,753,816
EYNESBURY,788,788,787,788,791,796,810,846,911,977,1045,1155,1263,1359,1461,1581,1720,1864,2042,2260,2450
MELTON SOUTH,4733,4733,4726,4730,4748,4780,4865,5080,5469,5862,6273,6932,7578,8155,8766,9486,10324,11187,12253,13564,14704
STRATHTULLOH,1577,1577,1575,1576,1582,1593,1621,1693,1823,1954,2091,2310,2526,2718,2922,3162,3441,3729,4084,4521,4901
WEIR VIEWS,2103,2103,2100,2102,2110,2124,2162,2257,2430,2605,2788,3081,3368,3624,3896,4216,4588,4972,5445,6028,6535
BACCHUS MARSH,10905,10983,11160,11261,11508,11696,11883,12093,12438,12754,13116,13589,14286,14724,15155,15741,16323,16853,17496,18165,18783
DARLEY,1211,1220,1240,1251,1278,1299,1320,1343,1382,1417,1457,1509,1587,1636,1683,1749,1813,1872,1944,2018,2087
MADDINGLEY,2423,2440,2480,2502,2557,2599,2640,2687,2764,2834,2914,3019,3174,3272,3367,3498,3627,3745,3888,4036,4174
MYRNIONG,2450,2464,2474,2496,2524,2535,2569,2621,2693,2768,2836,2877,2909,2926,2951,2991,3046,3108,3172,3228,3266
BALLAN,2450,2464,2474,2496,2524,2535,2569,2621,2693,2768,2836,2877,2909,2926,2951,2991,3046,3108,3172,3228,3266
ALFREDTON,4254,4502,4651,4789,4913,4997,5199,5374,5627,5834,6247,6696,7179,7641,8159,8760,9341,9993,10649,11435,12434
BAKERY HILL,884,900,924,937,943,950,954,960,959,958,951,950,950,948,946,946,943,941,947,937,928
BALLARAT CENTRAL,6190,6304,6469,6563,6606,6653,6681,6720,6717,6710,6658,6653,6651,6637,6623,6623,6602,6589,6629,6560,6502
BALLARAT EAST,7015,7125,7213,7269,7315,7365,7439,7524,7593,7689,7762,7827,7912,7961,8034,8148,8250,8318,8389,8411,8428
BALLARAT NORTH,1559,1583,1602,1615,1625,1636,1653,1672,1687,1708,1724,1739,1758,1769,1785,1810,1833,1848,1864,1869,1872
BLACK HILL,5456,5542,5610,5653,5689,5728,5786,5852,5906,5980,6037,6087,6153,6192,6249,6337,6417,6469,6524,6542,6555
BROWN HILL,3897,3958,4007,4038,4064,4092,4133,4180,4218,4272,4312,4348,4395,4423,4463,4526,4583,4621,4660,4672,4682
CANADIAN,6216,6205,6210,6182,6215,6249,6364,6534,6677,6898,7058,7134,7211,7319,7394,7503,7603,7689,7732,7728,7690
GOLDEN POINT,888,886,887,883,887,892,909,933,953,985,1008,1019,1030,1045,1056,1071,1086,1098,1104,1104,1098
LAKE WENDOUREE,2653,2701,2772,2812,2831,2851,2863,2880,2879,2875,2853,2851,2850,2844,2838,2838,2829,2823,2841,2811,2786
LUCAS,1251,1324,1368,1408,1445,1469,1529,1580,1655,1716,1837,1969,2111,2247,2399,2576,2747,2939,3132,3363,3657
MOUNT HELEN,2660,2699,2778,2810,2928,3018,3065,3126,3215,3297,3362,3427,3492,3541,3595,3655,3703,3706,3726,3684,3616
MOUNT PLEASANT,1776,1772,1774,1766,1775,1785,1818,1866,1907,1970,2016,2038,2060,2091,2112,2143,2172,2196,2209,2208,2197
NERRINA,779,791,801,807,812,818,826,836,843,854,862,869,879,884,892,905,916,924,932,934,936
REDAN,3552,3545,3549,3532,3551,3571,3636,3733,3815,3941,4033,4076,4121,4182,4225,4287,4344,4393,4418,4416,4394
SOLDIERS HILL,1559,1583,1602,1615,1625,1636,1653,1672,1687,1708,1724,1739,1758,1769,1785,1810,1833,1848,1864,1869,1872
SMYTHES CREEK,519,528,546,558,588,630,650,668,694,712,729,752,783,822,855,899,952,1021,1109,1217,1330
BONSHAW,2077,2112,2185,2232,2352,2520,2603,2674,2778,2849,2919,3010,3133,3291,3423,3597,3808,4087,4438,4868,5320
CARDIGAN,250,264,273,281,289,293,305,316,331,343,367,393,422,449,479,515,549,587,626,672,731
LAKE GARDENS,1768,1801,1848,1875,1887,1900,1908,1920,1919,1917,1902,1901,1900,1896,1892,1892,1886,1882,1894,1874,1857
WENDOUREE,13355,13255,13161,13095,13028,12963,13033,13334,13718,14104,14473,14625,14707,14746,14779,14826,14933,15056,15160,15242,15314
DELACOMBE,1557,1584,1639,1674,1764,1890,1952,2005,2083,2137,2189,2257,2350,2468,2567,2698,2856,3065,3328,3651,3990
SEBASTOPOL,7992,7978,7985,7948,7991,8035,8182,8401,8585,8869,9075,9172,9272,9410,9507,9647,9775,9886,9941,9937,9887
BUNINYONG,2660,2699,2778,2810,2928,3018,3065,3126,3215,3297,3362,3427,3492,3541,3595,3655,3703,3706,3726,3684,3616
WINTER VALLEY,3712,3754,3828,3919,3994,4049,4103,4168,4292,4375,4416,4497,4545,4624,4694,4831,4946,5046,5180,5297,5416
SKIPTON,2871,2857,2820,2813,2798,2788,2776,2761,2765,2748,2733,2728,2724,2721,2717,2716,2705,2677,2668,2675,2679
CRESWICK,5973,5938,5921,5916,5865,5852,5880,5910,5936,5978,6002,6058,6111,6161,6224,6296,6328,6363,6384,6412,6428
ASCOT,1493,1484,1480,1479,1466,1463,1470,1477,1484,1494,1500,1514,1527,1540,1556,1574,1582,1590,1596,1603,1607
BEAUFORT,3809,3801,3800,3809,3821,3838,3843,3852,3869,3882,3886,3955,4047,4172,4317,4454,4483,4444,4536,4598,4618
ARARAT,8150,8139,8122,8114,8104,8105,8052,8072,8121,8161,8168,8220,8253,8278,8324,8386,8401,8420,8455,8538,8468
STAWELL,8778,8751,8662,8568,8500,8370,8405,8427,8451,8466,8453,8378,8328,8296,8239,8225,8245,8272,8313,8373,8465
WARRACKNABEAL,4057,4011,3959,3890,3827,3776,3725,3689,3676,3624,3560,3521,3490,3436,3387,3346,3322,3317,3305,3287,3227
HOPETOUN,4057,4011,3959,3890,3827,3776,3725,3689,3676,3624,3560,3521,3490,3436,3387,3346,3322,3317,3305,3287,3227
HORSHAM,14767,14767,14766,14858,14979,15226,15386,15554,15748,15918,16099,16170,16245,16307,16363,16462,16551,16615,16733,16913,16944
NATIMUK,3565,3604,3598,3602,3590,3570,3551,3530,3520,3498,3448,3460,3471,3463,3451,3443,3442,3456,3469,3464,3451
NHILL,7998,7936,7841,7728,7633,7550,7501,7461,7457,7380,7270,7222,7156,7098,7023,6960,6916,6889,6878,6889,6907
DIGGERS REST,4213,4275,4397,4499,4576,4689,4767,4884,5026,5124,5195,5281,5351,5456,5578,5767,5905,6062,6297,6497,6595
BULLA,995,1017,1057,1117,1163,1202,1224,1253,1290,1324,1354,1373,1399,1458,1562,1712,1825,1946,2029,2123,2239
SUNBURY,16012,16248,16708,17098,17389,17821,18116,18562,19101,19474,19744,20068,20333,20734,21200,21918,22439,23036,23928,24689,25062
RIDDELLS CREEK,3471,3475,3500,3554,3565,3648,3697,3749,3801,3842,3882,3929,4008,4066,4113,4174,4247,4293,4334,4433,4494
ROMSEY,1856,1877,1914,1959,1997,2024,2051,2084,2146,2187,2208,2248,2272,2312,2347,2415,2473,2523,2590,2648,2708
LANCEFIELD,1856,1877,1914,1959,1997,2024,2051,2084,2146,2187,2208,2248,2272,2312,2347,2415,2473,2523,2590,2648,2708
GISBORNE,7761,7861,7980,8142,8322,8419,8598,8883,9230,9475,9754,10099,10360,10632,11014,11410,11659,11910,12087,12187,12284
NEW GISBORNE,1293,1310,1330,1357,1387,1403,1433,1480,1538,1579,1625,1683,1726,1772,1835,1901,1943,1985,2014,2031,2047
WOODEND,5915,5972,5974,6001,6058,6120,6178,6248,6385,6437,6579,6618,6707,6827,6908,7043,7218,7399,7584,7699,7908
KYNETON,7941,7987,8013,8099,8194,8243,8367,8495,8668,8785,8895,9136,9327,9503,9656,9782,9918,10060,10206,10353,10494
CASTLEMAINE,4679,4716,4785,4796,4801,4813,4845,4873,4897,4930,4960,5003,5067,5154,5272,5385,5441,5502,5565,5628,5642
GUILDFORD,7724,7736,7804,7830,7871,7909,7982,8122,8180,8253,8281,8344,8408,8484,8539,8621,8695,8774,8848,8960,9145
MCKENZIE HILL,4679,4716,4785,4796,4801,4813,4845,4873,4897,4930,4960,5003,5067,5154,5272,5385,5441,5502,5565,5628,5642
TRENTHAM,1640,1632,1623,1632,1607,1609,1611,1645,1686,1707,1717,1740,1765,1786,1803,1823,1847,1876,1907,1942,1974
DAYLESFORD,3280,3264,3247,3264,3214,3218,3223,3290,3373,3414,3435,3480,3531,3573,3607,3646,3695,3752,3814,3885,3948
HEPBURN SPRINGS,1640,1632,1623,1632,1607,1609,1611,1645,1686,1707,1717,1740,1765,1786,1803,1823,1847,1876,1907,1942,1974
LYONVILLE,1640,1632,1623,1632,1607,1609,1611,1645,1686,1707,1717,1740,1765,1786,1803,1823,1847,1876,1907,1942,1974
MARYBOROUGH,7742,7738,7714,7653,7597,7574,7599,7619,7673,7692,7674,7750,7809,7865,7915,8001,8057,8132,8146,8115,8116
ST ARNAUD,4075,4031,3951,3879,3826,3721,3704,3672,3678,3658,3611,3600,3560,3488,3413,3353,3351,3361,3392,3423,3429
DONALD,2407,2391,2368,2342,2332,2319,2289,2261,2244,2205,2156,2145,2129,2112,2102,2095,2074,2070,2054,2050,2044
WATCHEM,2407,2391,2368,2342,2332,2319,2289,2261,2244,2205,2156,2145,2129,2112,2102,2095,2074,2070,2054,2050,2044
OUYEN,4564,4496,4407,4309,4239,4182,4126,4053,4000,3923,3833,3833,3821,3794,3770,3747,3734,3723,3722,3729,3709
RED CLIFFS,5887,5876,5779,5700,5664,5600,5549,5510,5498,5479,5457,5565,5662,5781,5855,5947,6051,6116,6152,6201,6123
IRYMPLE,4175,4230,4262,4293,4309,4328,4348,4360,4390,4398,4402,4464,4521,4567,4591,4630,4694,4781,4876,5000,5119
MILDURA,10111,10457,10946,11203,11664,12286,12741,12908,13163,13506,13715,13972,14217,14423,14615,14801,15171,15563,15965,16365,16417
NICHOLS POINT,2087,2115,2131,2146,2154,2164,2174,2180,2195,2199,2201,2232,2260,2283,2295,2315,2347,2390,2438,2500,2559
HEATHCOTE,3895,3901,3918,3967,3966,3962,3974,4004,4043,4083,4110,4207,4290,4368,4452,4529,4605,4690,4783,4893,5023
CHARLTON,2407,2391,2368,2342,2332,2319,2289,2261,2244,2205,2156,2145,2129,2112,2102,2095,2074,2070,2054,2050,2044
BOORT,4016,3977,3925,3851,3803,3756,3732,3698,3662,3617,3555,3551,3546,3541,3542,3549,3553,3565,3578,3589,3615
QUAMBATOOK,3812,3775,3728,3672,3628,3602,3518,3472,3425,3356,3265,3286,3299,3307,3314,3330,3347,3337,3312,3306,3332
BENDIGO,11384,11406,11331,11143,10993,10911,10875,10824,10808,10800,10843,10840,10824,10809,10801,10813,10862,10928,11022,11028,10946
EAST BENDIGO,2238,2287,2344,2367,2370,2378,2389,2407,2421,2438,2453,2453,2451,2445,2436,2426,2435,2439,2449,2432,2457
FLORA HILL,2646,2677,2708,2730,2739,2751,2755,2763,2780,2793,2788,2802,2818,2833,2838,2847,2850,2855,2861,2868,2826
IRONBARK,277,278,276,271,268,266,265,264,263,263,264,264,264,263,263,263,264,266,268,268,266
KENNINGTON,7460,7624,7814,7890,7900,7927,7965,8024,8070,8127,8177,8179,8171,8151,8120,8088,8118,8132,8165,8108,8191
LONG GULLY,555,556,552,543,536,532,530,528,527,526,528,528,528,527,526,527,529,533,537,537,533
NORTH BENDIGO,3331,3338,3316,3261,3217,3193,3183,3168,3163,3161,3173,3172,3168,3163,3161,3165,3179,3198,3226,3227,3203
QUARRY HILL,5293,5355,5417,5461,5479,5503,5510,5527,5560,5586,5576,5604,5637,5667,5676,5695,5700,5710,5722,5737,5652
SPRING GULLY,882,892,902,910,913,917,918,921,926,931,929,934,939,944,946,949,950,951,953,956,942
STRATHDALE,2984,3049,3125,3156,3160,3170,3186,3209,3228,3251,3271,3271,3268,3260,3248,3235,3247,3252,3266,3243,3276
WHITE HILLS,3085,3107,3146,3216,3363,3570,3809,3954,4085,4254,4402,4656,4956,5302,5616,5957,6235,6491,6780,7007,7222
EPSOM,1542,1553,1573,1608,1681,1785,1904,1977,2042,2127,2201,2328,2478,2651,2808,2978,3117,3245,3390,3503,3611
HUNTLY,1542,1553,1573,1608,1681,1785,1904,1977,2042,2127,2201,2328,2478,2651,2808,2978,3117,3245,3390,3503,3611
JUNORTOUN,826,866,933,1010,1062,1119,1185,1249,1313,1364,1419,1480,1535,1602,1671,1755,1824,1895,1977,2059,2135
MAIDEN GULLY,2708,2843,3016,3151,3295,3453,3642,3752,3890,4087,4354,4541,4724,4859,4983,5155,5248,5317,5358,5455,5500
NEWBRIDGE,2008,1988,1962,1925,1901,1878,1866,1849,1831,1808,1777,1775,1773,1770,1771,1774,1776,1782,1789,1794,1807
STRATHFIELDSAYE,3307,3464,3734,4043,4248,4477,4741,4996,5254,5458,5676,5920,6142,6409,6684,7020,7296,7580,7911,8236,8540
GOLDEN SQUARE,11625,11696,11860,11929,11925,12030,12188,12379,12604,12822,13027,13249,13414,13543,13667,13809,13970,14138,14323,14469,14580
KANGAROO FLAT,5166,5198,5271,5302,5300,5347,5417,5502,5602,5699,5790,5888,5962,6019,6074,6137,6209,6283,6366,6430,6480
CALIFORNIA GULLY,1718,1724,1722,1724,1732,1760,1779,1797,1820,1847,1865,1919,2001,2064,2128,2205,2235,2264,2293,2322,2349
EAGLEHAWK,5156,5174,5166,5173,5198,5281,5338,5393,5461,5541,5597,5757,6004,6191,6384,6616,6706,6793,6879,6968,7048
JACKASS FLAT,1718,1724,1722,1724,1732,1760,1779,1797,1820,1847,1865,1919,2001,2064,2128,2205,2235,2264,2293,2322,2349
SAILORS GULLY,859,862,861,862,866,880,889,898,910,923,932,959,1000,1032,1064,1102,1117,1132,1146,1161,1174
TORRUMBARRY,4370,4354,4274,4274,4240,4221,4139,4100,4056,3935,3814,3834,3840,3838,3837,3855,3858,3868,3845,3856,3908
ECHUCA,11883,12132,12474,12546,12932,13119,13226,13343,13428,13526,13610,13686,13800,13912,13998,14104,14231,14342,14472,14601,14766
ECHUCA VILLAGE,660,674,693,697,718,728,734,741,746,751,756,760,766,772,777,783,790,796,804,811,820
COHUNA,3812,3775,3728,3672,3628,3602,3518,3472,3425,3356,3265,3286,3299,3307,3314,3330,3347,3337,3312,3306,3332
PYRAMID HILL,2008,1988,1962,1925,1901,1878,1866,1849,1831,1808,1777,1775,1773,1770,1771,1774,1776,1782,1789,1794,1807
KERANG,4230,4213,4186,4180,4180,4190,4155,4130,4075,4006,3916,3917,3919,3911,3900,3898,3898,3912,3919,3940,3943
SWAN HILL,10077,10075,10067,10095,10088,10090,10228,10333,10516,10536,10610,10780,10888,10959,11022,11079,11147,11205,11251,11260,11169
MURRAYDALE,7254,7228,7198,7119,7086,7039,6976,6900,6853,6754,6649,6627,6579,6518,6466,6442,6430,6423,6437,6446,6462
TATURA,9964,9960,9963,9868,9848,9847,9887,9970,9995,9993,9995,10060,10136,10192,10241,10279,10307,10318,10331,10344,10326
MOOROOPNA,7727,7780,7841,7797,7771,7808,7841,7939,7983,8001,7939,7961,7975,7995,8010,8033,8097,8191,8296,8331,8311
SHEPPARTON,17346,17490,17649,17664,17706,17968,18369,18730,19315,19794,20010,20422,20735,20979,21219,21516,21875,22252,22671,23115,23307
KIALLA,1734,1749,1764,1766,1770,1796,1836,1873,1931,1979,2001,2042,2073,2097,2121,2151,2187,2225,2267,2311,2330
SHEPPARTON NORTH,16027,16289,16439,16500,16474,16523,16592,16762,17033,17293,17620,17930,18204,18560,18810,19007,19333,19637,19916,20069,20034
MARUNGI,6198,6205,6198,6190,6195,6212,6228,6240,6225,6218,6193,6204,6211,6209,6210,6211,6220,6231,6241,6252,6249
TALLYGAROOPNA,4206,4173,4146,4090,4054,4015,4009,4034,4031,4001,3973,3948,3924,3902,3895,3897,3928,3954,3981,4007,4012
STRATHMERTON,6198,6205,6198,6190,6195,6212,6228,6240,6225,6218,6193,6204,6211,6209,6210,6211,6220,6231,6241,6252,6249
COBRAM,5747,5812,5847,5854,5926,6037,6048,6153,6203,6287,6305,6336,6367,6388,6399,6420,6442,6453,6450,6470,6438
BROADFORD,3809,3897,4092,4251,4387,4459,4627,4721,4824,5007,5159,5343,5521,5687,5846,6042,6165,6290,6467,6558,6650
FLOWERDALE,1748,1773,1781,1776,1770,1786,1781,1768,1738,1714,1723,1724,1734,1748,1767,1803,1848,1900,1951,2006,2071
TALLAROOK,4213,4230,4243,4230,4195,4145,4210,4218,4222,4246,4252,4261,4315,4462,4469,4487,4553,4594,4601,4601,4632
SEYMOUR,6987,6888,6860,6773,6670,6570,6551,6513,6524,6526,6518,6507,6473,6432,6407,6403,6430,6472,6508,6528,6545
BADDAGINNIE,1816,1802,1787,1756,1728,1722,1725,1719,1726,1719,1707,1718,1734,1753,1779,1811,1817,1836,1841,1873,1876
BENALLA,10247,10272,10289,10303,10306,10310,10317,10340,10375,10425,10471,10470,10468,10451,10425,10420,10478,10544,10607,10682,10750
WANGARATTA,17109,17123,17136,17175,17223,17320,17419,17541,17676,17837,17980,18144,18294,18437,18624,18940,19183,19453,19600,19683,19877
EAST WANGARATTA,9151,9218,9242,9289,9385,9456,9452,9464,9435,9363,9232,9294,9356,9425,9519,9652,9753,9788,9803,9785,9863
CHILTERN,2904,2922,2923,2925,2957,2952,2903,2905,2912,2906,2907,2934,2974,3005,3055,3117,3115,3116,3146,3162,3158
RUTHERGLEN,3432,3462,3494,3534,3572,3626,3661,3693,3716,3731,3739,3768,3795,3818,3857,3907,3932,3972,4007,4021,4019
WODONGA,15675,15826,15939,16048,16034,16051,16162,16310,16626,17028,17521,17999,18584,19185,19856,20521,21095,21630,22023,22442,22915
BANDIANA,1119,1130,1138,1146,1145,1146,1154,1165,1187,1216,1251,1285,1327,1370,1418,1465,1506,1545,1573,1603,1636
BARANDUDA,1119,1130,1138,1146,1145,1146,1154,1165,1187,1216,1251,1285,1327,1370,1418,1465,1506,1545,1573,1603,1636
LENEVA,1119,1130,1138,1146,1145,1146,1154,1165,1187,1216,1251,1285,1327,1370,1418,1465,1506,1545,1573,1603,1636
TANGAMBALANGA,3997,4062,4142,4189,4261,4335,4329,4349,4410,4435,4433,4461,4489,4511,4536,4578,4660,4773,4900,5043,5187
TAWONGA SOUTH,5407,5406,5382,5330,5293,5249,5225,5217,5208,5227,5250,5313,5368,5413,5452,5532,5596,5678,5722,5813,5898
TALLANGATTA,2068,2061,2045,2041,2030,2027,2018,2011,2012,1996,1963,1970,1977,1984,1991,2004,2013,2024,2036,2044,2051
DARTMOUTH,2068,2061,2045,2041,2030,2027,2018,2011,2012,1996,1963,1970,1977,1984,1991,2004,2013,2024,2036,2044,2051
CORRYONG,2068,2061,2045,2041,2030,2027,2018,2011,2012,1996,1963,1970,1977,1984,1991,2004,2013,2024,2036,2044,2051
BUXTON,1565,1562,1562,1562,1566,1567,1574,1569,1562,1554,1554,1567,1574,1587,1601,1618,1636,1660,1669,1669,1692
EILDON,1565,1562,1562,1562,1566,1567,1574,1569,1562,1554,1554,1567,1574,1587,1601,1618,1636,1660,1669,1669,1692
ALEXANDRA,1565,1562,1562,1562,1566,1567,1574,1569,1562,1554,1554,1567,1574,1587,1601,1618,1636,1660,1669,1669,1692
YEA,1748,1773,1781,1776,1770,1786,1781,1768,1738,1714,1723,1724,1734,1748,1767,1803,1848,1900,1951,2006,2071
MAINDAMPLE,2302,2327,2345,2386,2469,2533,2569,2621,2675,2714,2734,2785,2844,2884,2929,2978,3054,3143,3235,3365,3484
MERRIJIG,4604,4654,4691,4772,4938,5067,5138,5243,5350,5429,5468,5571,5688,5768,5858,5956,6108,6286,6470,6730,6969
THOONA,1816,1802,1787,1756,1728,1722,1725,1719,1726,1719,1707,1718,1734,1753,1779,1811,1817,1836,1841,1873,1876
TUNGAMAH,925,918,912,900,893,908,902,894,885,875,860,861,866,866,871,874,883,892,907,926,943
BUNDALONG SOUTH,1850,1837,1824,1800,1787,1816,1804,1788,1770,1751,1721,1723,1732,1733,1742,1748,1767,1785,1814,1852,1886
YARRAWONGA,5484,5459,5603,5749,5971,6291,6491,6651,6831,6981,7133,7345,7517,7694,7856,8021,8166,8288,8405,8490,8585
MYRTLEFORD,4714,4712,4721,4722,4734,4733,4722,4682,4642,4601,4560,4594,4623,4651,4689,4742,4736,4730,4730,4726,4716
WANDILIGONG,2703,2703,2691,2665,2646,2624,2612,2608,2604,2613,2625,2656,2684,2706,2726,2766,2798,2839,2861,2906,2949
BEECHWORTH,4216,4208,4202,4190,4184,4180,4197,4214,4230,4260,4289,4354,4412,4463,4541,4632,4733,4797,4868,4930,4954
WOLLERT,389,356,338,348,323,346,355,376,418,424,528,1827,3387,5149,7204,9493,11897,14515,17265,20910,24762
SOUTH MORANG,4815,5780,6745,7495,7923,8410,8925,9802,10549,11375,11842,12061,12230,12354,12452,12558,12695,12759,12799,12839,12514
BEVERIDGE,2374,2526,2712,2868,3013,3099,3175,3281,3380,3492,3656,3927,4217,4457,4705,5024,5281,5615,6017,6449,6879
DOREEN,4819,4862,4896,4926,4992,5075,5066,5059,5032,4981,4936,4950,4976,5005,5045,5108,5123,5102,5022,4940,4839
MERNDA,831,781,774,777,779,783,1120,2102,3594,4872,6395,8412,10628,12565,14699,17171,19108,20550,22077,23077,23634
YAN YEAN,642,659,689,715,744,753,763,778,795,820,842,862,880,894,913,937,975,1012,1046,1086,1194
UPPER PLENTY,395,421,452,478,502,516,529,546,563,582,609,654,702,742,784,837,880,935,1002,1074,1146
WALLAN,4353,4631,4973,5259,5524,5681,5822,6015,6197,6403,6703,7199,7731,8172,8627,9210,9683,10294,11031,11823,12613
HEATHCOTE JUNCTION,395,421,452,478,502,516,529,546,563,582,609,654,702,742,784,837,880,935,1002,1074,1146
PANTON HILL,283,286,288,289,293,298,298,297,296,293,290,291,292,294,296,300,301,300,295,290,284
BYLANDS,395,421,452,478,502,516,529,546,563,582,609,654,702,742,784,837,880,935,1002,1074,1146
KILMORE,5079,5196,5456,5668,5849,5946,6170,6294,6432,6677,6878,7124,7361,7583,7795,8056,8220,8387,8622,8745,8866
MONTROSE,6852,6811,6791,6761,6738,6739,6772,6830,6921,6955,6966,6987,7004,7011,7031,7078,7123,7134,7104,7043,6995
MOUNT DANDENONG,9787,9769,9764,9762,9769,9778,9843,9903,9974,10035,10060,10062,10064,10065,10066,10109,10079,10066,10042,9940,9771
MARYSVILLE,1565,1562,1562,1562,1566,1567,1574,1569,1562,1554,1554,1567,1574,1587,1601,1618,1636,1660,1669,1669,1692
MOUNT EVELYN,9396,9378,9356,9350,9357,9395,9427,9466,9561,9597,9615,9695,9768,9839,9941,10081,10096,10077,10047,9933,9863
YARRA JUNCTION,7966,7964,7932,7915,7894,7910,7974,8039,8113,8159,8173,8204,8230,8248,8268,8311,8358,8424,8472,8492,8474
EAST WARBURTON,7966,7964,7932,7915,7894,7910,7974,8039,8113,8159,8173,8204,8230,8248,8268,8311,8358,8424,8472,8492,8474
ENDEAVOUR HILLS,14934,14828,14788,14758,14686,14578,14490,14483,14398,14308,14191,14184,14177,14156,14139,14160,14121,14050,13977,13828,13464
HALLAM,8977,9267,9519,9697,9855,9923,10038,10228,10430,10582,10628,10757,10885,11017,11125,11335,11512,11690,11902,11956,11603
NARRE WARREN NORTH,5422,5577,5789,6014,6279,6388,6493,6695,6963,7096,7216,7377,7524,7712,7909,8183,8275,8367,8376,8356,8310
NARRE WARREN,12168,12338,12514,12729,12755,12814,12912,12987,13138,13252,13297,13495,13744,14016,14230,14544,14765,14941,15085,15153,14905
NARRE WARREN SOUTH,5948,7538,9071,9973,10714,11480,11978,12413,12828,13045,13157,13296,13476,13561,13604,13713,13728,13694,13595,13396,13266
BERWICK,19094,19611,20228,20807,21209,21547,21826,22326,22695,22909,23042,23183,23336,23455,23614,23824,23901,23835,23858,23682,23187
BEACONSFIELD,1128,1263,1476,1717,1900,2061,2093,2180,2300,2364,2502,2718,2924,3144,3586,4142,4763,5484,6275,6947,7335
OFFICER,2578,2889,3375,3925,4343,4711,4784,4985,5258,5404,5720,6212,6685,7186,8197,9469,10889,12535,14345,15878,16765
PAKENHAM,7186,7514,8598,9869,11197,12437,14078,15787,17761,19806,21687,23781,25571,26800,28050,29580,30744,31751,32711,33538,33639
DROUIN,9882,10015,10130,10340,10472,10734,11020,11315,11832,12599,13323,14046,14678,15201,15787,16435,17107,17762,18422,19164,19790
WARRAGUL,14203,14327,14501,14654,14959,15275,15561,15902,16225,16632,16964,17284,17635,18004,18466,19088,19753,20478,21251,22055,23080
TRAFALGAR,6112,6066,6067,6022,5990,6051,6189,6374,6625,6947,7166,7270,7394,7513,7656,7828,7980,8052,8098,8153,8313
MOE,15510,15550,15574,15536,15431,15377,15268,15260,15246,15341,15413,15378,15352,15311,15286,15309,15369,15440,15522,15611,15693
NEWBOROUGH,1551,1555,1557,1553,1543,1537,1526,1526,1524,1534,1541,1537,1535,1531,1528,1530,1536,1544,1552,1561,1569
HAZELWOOD NORTH,2286,2273,2257,2246,2244,2243,2253,2265,2277,2297,2313,2313,2315,2315,2314,2318,2321,2326,2335,2352,2371
MORWELL,14345,14268,14150,14001,13944,13936,13984,14053,14108,14207,14302,14265,14204,14111,14049,14024,14042,14094,14157,14258,14393
CHURCHILL,6858,6819,6773,6739,6732,6730,6759,6796,6831,6893,6940,6940,6947,6945,6944,6956,6964,6979,7007,7057,7113
CALLIGNEE,2286,2273,2257,2246,2244,2243,2253,2265,2277,2297,2313,2313,2315,2315,2314,2318,2321,2326,2335,2352,2371
TRARALGON,22020,22239,22515,22828,23222,23844,24356,24888,25381,25844,26307,26566,26750,26888,27076,27361,27705,28028,28337,28586,28735
ROSEDALE,4441,4428,4402,4386,4354,4348,4357,4407,4508,4573,4664,4699,4727,4742,4759,4791,4853,4895,4913,4861,4909
SALE,13676,13673,13685,13724,13820,13942,14019,14134,14222,14315,14441,14568,14666,14729,14781,14891,14906,14974,15057,15148,15259
GOLDEN BEACH,1276,1260,1250,1240,1233,1228,1243,1256,1268,1287,1300,1336,1367,1394,1423,1455,1482,1507,1551,1592,1633
SEASPRAY,2553,2521,2500,2480,2466,2456,2486,2512,2537,2574,2601,2672,2735,2789,2846,2911,2964,3014,3103,3184,3267
TOONGABBIE,4579,4573,4527,4522,4491,4479,4453,4464,4478,4490,4477,4503,4525,4547,4585,4643,4637,4622,4626,4649,4691
MAFFRA,13002,12976,12958,12984,13023,13076,13157,13263,13371,13488,13595,13689,13739,13804,13873,13973,14125,14244,14400,14574,14693
LINDENOW,2303,2326,2342,2375,2416,2447,2446,2443,2445,2449,2460,2499,2533,2565,2593,2634,2653,2669,2682,2703,2746
MIRBOO NORTH,4895,4902,4954,4976,5013,5014,5059,5120,5196,5267,5339,5417,5469,5503,5538,5601,5615,5658,5701,5708,5717
BAIRNSDALE,6902,6918,6965,7052,7121,7235,7340,7429,7500,7611,7690,7817,7939,8089,8299,8513,8664,8794,8873,8878,8941
CLIFTON CREEK,2303,2326,2342,2375,2416,2447,2446,2443,2445,2449,2460,2499,2533,2565,2593,2634,2653,2669,2682,2703,2746
EASTWOOD,5177,5189,5223,5289,5340,5426,5505,5571,5625,5708,5767,5862,5954,6067,6224,6385,6498,6596,6654,6659,6706
PAYNESVILLE,4638,4763,4838,4947,5008,5074,5196,5300,5462,5570,5654,5761,5887,6034,6200,6374,6451,6592,6730,6783,6897
NICHOLSON,2303,2326,2342,2375,2416,2447,2446,2443,2445,2449,2460,2499,2533,2565,2593,2634,2653,2669,2682,2703,2746
CAPE CONRAN,3523,3487,3469,3463,3451,3432,3425,3420,3414,3406,3400,3373,3345,3302,3264,3248,3251,3263,3280,3304,3345
MARLO,3523,3487,3469,3463,3451,3432,3425,3420,3414,3406,3400,3373,3345,3302,3264,3248,3251,3263,3280,3304,3345
METUNG,1390,1407,1414,1430,1444,1459,1481,1512,1545,1575,1607,1627,1642,1650,1658,1673,1701,1735,1772,1809,1848
KALIMNA,695,703,707,715,722,729,740,756,772,787,803,813,821,825,829,836,850,867,886,904,924
KALIMNA WEST,695,703,707,715,722,729,740,756,772,787,803,813,821,825,829,836,850,867,886,904,924
LAKES ENTRANCE,5562,5631,5657,5723,5779,5839,5927,6050,6181,6302,6428,6508,6568,6600,6632,6692,6804,6942,7089,7236,7394
LANGWARRIN,18750,19188,19723,20388,21036,21236,21638,22222,22770,23095,23163,23385,23649,24015,24357,24694,24851,24998,25082,25221,25248
PEARCEDALE,3469,3521,3590,3655,3768,3785,3779,3776,3787,3811,3853,3859,3876,3905,3948,4017,4043,4070,4075,4064,4041
SOMERVILLE,11021,11199,11302,11336,11374,11456,11510,11702,11933,11965,11938,12041,12139,12323,12456,12585,12597,12596,12550,12510,12458
TYABB,5510,5599,5651,5668,5687,5728,5755,5851,5966,5982,5969,6020,6069,6161,6228,6292,6298,6298,6275,6255,6229
HASTINGS,8023,8079,8130,8182,8268,8473,8740,8996,9174,9328,9398,9581,9753,9958,10135,10282,10449,10612,10756,10870,10908
BITTERN,1783,1795,1806,1818,1837,1882,1942,1999,2038,2072,2088,2129,2167,2213,2252,2285,2322,2358,2390,2415,2424
CRIB POINT,891,897,903,909,918,941,971,999,1019,1036,1044,1064,1083,1106,1126,1142,1161,1179,1195,1207,1212
COWES,4600,4740,4898,4979,5162,5189,5358,5550,5745,5937,6035,6126,6216,6315,6458,6678,7046,7430,7782,8154,8577
SMITHS BEACH,460,474,489,497,516,518,535,555,574,593,603,612,621,631,645,667,704,743,778,815,857
SUNDERLAND BAY,460,474,489,497,516,518,535,555,574,593,603,612,621,631,645,667,704,743,778,815,857
SUNSET STRIP,460,474,489,497,516,518,535,555,574,593,603,612,621,631,645,667,704,743,778,815,857
VENTNOR,460,474,489,497,516,518,535,555,574,593,603,612,621,631,645,667,704,743,778,815,857
WIMBLEDON HEIGHTS,460,474,489,497,516,518,535,555,574,593,603,612,621,631,645,667,704,743,778,815,857
CAPE WOOLAMAI,460,474,489,497,516,518,535,555,574,593,603,612,621,631,645,667,704,743,778,815,857
SAN REMO,1102,1112,1122,1132,1140,1147,1162,1180,1198,1236,1274,1300,1323,1350,1377,1411,1454,1497,1546,1601,1670
BALNARRING,4457,4488,4516,4545,4593,4707,4856,4998,5097,5182,5221,5323,5418,5532,5631,5712,5805,5895,5975,6039,6060
BALNARRING BEACH,891,897,903,909,918,941,971,999,1019,1036,1044,1064,1083,1106,1126,1142,1161,1179,1195,1207,1212
MERRICKS BEACH,891,897,903,909,918,941,971,999,1019,1036,1044,1064,1083,1106,1126,1142,1161,1179,1195,1207,1212
SOMERS,891,897,903,909,918,941,971,999,1019,1036,1044,1064,1083,1106,1126,1142,1161,1179,1195,1207,1212
FLINDERS,1660,1675,1686,1684,1686,1703,1664,1644,1635,1619,1593,1593,1594,1596,1601,1612,1633,1655,1677,1699,1720
MOUNT ELIZA,17056,17046,17059,17077,17102,17094,17227,17370,17626,17824,17942,18087,18210,18342,18471,18696,18822,18975,19056,19112,18923
MORNINGTON,19118,19952,20347,20762,21151,21497,21966,22460,22854,23164,23224,23541,23942,24269,24633,25030,25492,25897,26218,26226,25909
MOUNT MARTHA,12493,13089,13741,14265,14781,15245,15805,16332,16869,17332,17581,18133,18465,18881,19071,19365,19594,19753,19982,20043,20020
DROMANA,3382,3422,3429,3433,3435,3454,3532,3621,3692,3699,3733,3833,3975,4110,4314,4581,4803,4983,5104,5260,5384
SAFETY BEACH,5073,5133,5144,5150,5152,5181,5298,5432,5538,5549,5599,5750,5962,6165,6471,6872,7204,7475,7656,7890,8076
RED HILL,830,837,843,842,843,851,832,822,817,809,796,796,797,798,800,806,816,827,838,849,860
RED HILL SOUTH,1660,1675,1686,1684,1686,1703,1664,1644,1635,1619,1593,1593,1594,1596,1601,1612,1633,1655,1677,1699,1720
MCCRAE,1845,1856,1858,1847,1832,1832,1881,1926,1976,1996,2015,2046,2074,2102,2132,2161,2199,2232,2262,2289,2313
CAPE SCHANCK,1660,1675,1686,1684,1686,1703,1664,1644,1635,1619,1593,1593,1594,1596,1601,1612,1633,1655,1677,1699,1720
FINGAL,439,449,455,456,457,459,460,461,462,462,463,471,478,486,492,499,510,520,532,544,555
ROSEBUD,8306,8353,8363,8312,8247,8248,8465,8667,8892,8984,9067,9207,9337,9463,9597,9725,9897,10044,10179,10304,10412
CAPEL SOUND,8306,8353,8363,8312,8247,8248,8465,8667,8892,8984,9067,9207,9337,9463,9597,9725,9897,10044,10179,10304,10412
RYE,9228,9434,9559,9585,9609,9649,9673,9699,9711,9719,9724,9895,10052,10210,10343,10499,10710,10931,11176,11441,11660
TOOTGAROOK,878,898,910,912,915,919,921,923,924,925,926,942,957,972,985,999,1020,1041,1064,1089,1110
BLAIRGOWRIE,3076,3144,3186,3195,3203,3216,3224,3233,3237,3239,3241,3298,3350,3403,3447,3499,3570,3643,3725,3813,3886
SORRENTO,878,898,910,912,915,919,921,923,924,925,926,942,957,972,985,999,1020,1041,1064,1089,1110
PORTSEA,1318,1347,1365,1369,1372,1378,1381,1385,1387,1388,1389,1413,1436,1458,1477,1499,1530,1561,1596,1634,1665
LEONGATHA,4895,4902,4954,4976,5013,5014,5059,5120,5196,5267,5339,5417,5469,5503,5538,5601,5615,5658,5701,5708,5717
DUMBALK,919,915,910,908,907,907,908,909,912,915,918,936,951,962,974,988,996,1002,1012,1030,1041
MEENIYAN,1838,1831,1821,1816,1814,1815,1816,1819,1824,1831,1836,1873,1903,1925,1949,1977,1993,2004,2025,2061,2083
TARWIN LOWER,919,915,910,908,907,907,908,909,912,915,918,936,951,962,974,988,996,1002,1012,1030,1041
FISH CREEK,919,915,910,908,907,907,908,909,912,915,918,936,951,962,974,988,996,1002,1012,1030,1041
FOSTER,3676,3663,3643,3632,3629,3631,3632,3639,3649,3662,3673,3746,3806,3851,3899,3954,3986,4009,4050,4122,4167
PORT ALBERT,5686,5626,5560,5491,5465,5449,5453,5443,5451,5419,5329,5335,5345,5349,5351,5371,5401,5433,5469,5538,5556
LYNBROOK,1004,1371,1772,2213,2727,3420,4212,5106,6001,7019,8071,8662,9361,9862,10306,10711,11106,11478,11741,12061,12180
LYNDHURST,502,685,886,1106,1363,1710,2106,2553,3000,3509,4035,4331,4680,4931,5153,5355,5553,5739,5870,6030,6090
HAMPTON PARK,20384,20853,21566,22212,22485,22646,22851,23377,23904,24432,24744,24973,25295,25765,26239,26780,27087,27361,27505,27334,26384
CRANBOURNE,13392,13480,13766,14282,14665,15071,15913,17059,18016,18859,19169,19510,19926,20250,20568,20888,21197,21397,21493,21642,21580
CRANBOURNE EAST,359,499,701,879,1096,1353,1554,1712,1987,2190,2670,3313,4010,5130,6783,8561,10421,12682,15334,17756,19792
CRANBOURNE NORTH,9876,9611,9462,9559,9565,9886,10632,11516,12536,13655,14826,15944,16945,18101,19505,20985,22315,23481,24382,24947,24962
CRANBOURNE SOUTH,1599,1592,1588,1617,1641,1690,1713,1806,1944,2103,2293,2452,2650,2785,2901,3038,3189,3567,4280,5115,5871
CRANBOURNE WEST,4022,4872,5831,6607,7238,7584,7880,8208,8571,8837,9000,9933,11210,12651,13995,15685,17148,18606,19757,20823,21834
DEVON MEADOWS,319,318,317,323,328,338,342,361,388,420,458,490,530,557,580,607,637,713,856,1023,1174
SANDHURST,1665,1969,2332,2733,3109,3551,3976,4378,4685,4973,5375,5793,6194,6466,6670,6832,6911,6958,6921,6828,6709
SKYE,1665,1969,2332,2733,3109,3551,3976,4378,4685,4973,5375,5793,6194,6466,6670,6832,6911,6958,6921,6828,6709
CLYDE,2878,2865,2858,2910,2955,3042,3084,3251,3499,3786,4128,4414,4770,5013,5221,5469,5740,6421,7704,9207,10567
CLYDE NORTH,763,1062,1490,1869,2329,2876,3303,3638,4223,4653,5673,7042,8521,10903,14415,18192,22145,26950,32586,37732,42058
BLIND BIGHT,1734,1760,1795,1827,1884,1892,1889,1888,1893,1905,1926,1929,1938,1952,1974,2008,2021,2035,2037,2032,2020
TOORADIN,1734,1760,1795,1827,1884,1892,1889,1888,1893,1905,1926,1929,1938,1952,1974,2008,2021,2035,2037,2032,2020
CORINELLA,1102,1112,1122,1132,1140,1147,1162,1180,1198,1236,1274,1300,1323,1350,1377,1411,1454,1497,1546,1601,1670
CORONET BAY,2205,2225,2244,2264,2281,2294,2325,2361,2396,2473,2549,2600,2647,2701,2754,2822,2908,2995,3092,3203,3340
LANG LANG,5231,5264,5354,5396,5531,5751,5773,5884,6223,6419,6695,6887,7042,7204,7397,7666,7902,8052,8411,8950,10107
PIONEER BAY,1102,1112,1122,1132,1140,1147,1162,1180,1198,1236,1274,1300,1323,1350,1377,1411,1454,1497,1546,1601,1670
NYORA,7981,8013,8070,8125,8185,8246,8328,8406,8528,8650,8819,8915,9015,9088,9167,9253,9342,9442,9581,9742,9783
DALYSTON,1102,1112,1122,1132,1140,1147,1162,1180,1198,1236,1274,1300,1323,1350,1377,1411,1454,1497,1546,1601,1670
CAPE PATERSON,1102,1112,1122,1132,1140,1147,1162,1180,1198,1236,1274,1300,1323,1350,1377,1411,1454,1497,1546,1601,1670
NORTH WONTHAGGI,1102,1112,1122,1132,1140,1147,1162,1180,1198,1236,1274,1300,1323,1350,1377,1411,1454,1497,1546,1601,1670
WONTHAGGI,5514,5562,5611,5661,5703,5737,5813,5903,5990,6183,6373,6500,6619,6753,6887,7055,7271,7489,7730,8009,8350
INVERLOCH,3308,3337,3366,3396,3421,3442,3487,3542,3594,3710,3824,3900,3971,4052,4132,4233,4363,4493,4638,4805,5010
