,Year,Year ending,Police Region,Local Government Area,Incidents Recorded,"Rate per 100,000 population",crime_rate
0,2021,December,1 North West Metro, Banyule,5418,4122.096863362,0.041220968633619993
1,2021,December,1 North West Metro, Brimbank,12682,6252.185377446,0.06252185377446
2,2021,December,1 North West Metro, Darebin,9563,5800.002842383,0.05800002842383
3,2021,December,1 North West Metro, Hobsons Bay,4567,4691.164939436,0.04691164939436
4,2021,December,1 North West Metro, Hume,12588,5126.172194369,0.05126172194369
5,2021,December,1 North West Metro, Maribyrnong,7001,7453.874821439,0.07453874821439
6,2021,December,1 North West Metro, Melbourne,24648,14717.311415436,0.14717311415436
7,2021,December,1 North West Metro, Melton,8987,4997.810400896,0.04997810400896
8,2021,December,1 North West Metro, Moonee Valley,6083,4650.938808824,0.046509388088240004
9,2021,December,1 North West Metro, Moreland,9337,4992.6901475,0.04992690147500001
10,2021,December,1 North West Metro, Nillumbik,1377,2122.901086559,0.02122901086559
11,2021,December,1 North West Metro, Whittlesea,9384,3941.663565461,0.03941663565461
12,2021,December,1 North West Metro, Wyndham,12168,4186.41795418,0.0418641795418
13,2021,December,1 North West Metro, Yarra,9273,9194.645399041,0.09194645399040999
14,2021,December,1 North West Metro,Total,133076,5797.152342281,0.05797152342281
15,2021,December,2 Eastern, Alpine,386,2946.932255074,0.029469322550739998
16,2021,December,2 Eastern, Bass Coast,2149,5569.24854334,0.055692485433399996
17,2021,December,2 Eastern, Baw Baw,3109,5530.330947281,0.055303309472809994
18,2021,December,2 Eastern, Benalla,1003,7053.441411565,0.07053441411565
19,2021,December,2 Eastern, Boroondara,5540,3110.581853395,0.03110581853395
20,2021,December,2 Eastern, East Gippsland,3606,7485.83973659,0.0748583973659
21,2021,December,2 Eastern, Greater Shepparton,5915,8790.615916565,0.08790615916565
22,2021,December,2 Eastern, Indigo,408,2383.452041515,0.02383452041515
23,2021,December,2 Eastern, Knox,7081,4309.75787526,0.0430975787526
24,2021,December,2 Eastern, Latrobe,7999,10489.487977913,0.10489487977913
25,2021,December,2 Eastern, Manningham,3000,2354.276638289,0.02354276638289
26,2021,December,2 Eastern, Mansfield,365,3807.269724604,0.03807269724604
27,2021,December,2 Eastern, Maroondah,5319,4474.555469904,0.044745554699040006
28,2021,December,2 Eastern, Mitchell,2492,5134.217038305,0.051342170383049994
29,2021,December,2 Eastern, Moira,1682,5613.950784322,0.05613950784322
30,2021,December,2 Eastern, Monash,8552,4312.729823756,0.04312729823756
31,2021,December,2 Eastern, Murrindindi,558,3739.216482981,0.03739216482981
32,2021,December,2 Eastern, South Gippsland,1187,3887.331622022,0.03887331622022
33,2021,December,2 Eastern, Strathbogie,463,4182.572994787,0.041825729947870004
34,2021,December,2 Eastern, Towong,161,2621.75664387,0.0262175664387
35,2021,December,2 Eastern, Wangaratta,1681,5756.593925505,0.05756593925505
36,2021,December,2 Eastern, Wellington,2954,6545.194010655,0.06545194010655
37,2021,December,2 Eastern, Whitehorse,5696,3213.949350435,0.03213949350435
38,2021,December,2 Eastern, Wodonga,2474,5733.829865128,0.057338298651280005
39,2021,December,2 Eastern, Yarra Ranges,5144,3233.138153736,0.032331381537359996
40,2021,December,2 Eastern,Total,78924,4581.889236129,0.04581889236129
41,2021,December,3 Southern Metro, Bayside,3347,3130.406758364,0.031304067583639995
42,2021,December,3 Southern Metro, Cardinia,4787,4043.332717425,0.04043332717425
43,2021,December,3 Southern Metro, Casey,14294,3869.080819791,0.03869080819791
44,2021,December,3 Southern Metro, Frankston,8358,5842.667830221,0.05842667830221
45,2021,December,3 Southern Metro, Glen Eira,5274,3383.185411591,0.03383185411591
46,2021,December,3 Southern Metro, Greater Dandenong,11671,7101.324626491,0.07101324626491
47,2021,December,3 Southern Metro, Kingston,6778,4084.905316165,0.04084905316165
48,2021,December,3 Southern Metro, Mornington Peninsula,6445,3802.085090862,0.03802085090862
49,2021,December,3 Southern Metro, Port Phillip,9461,8341.795829827,0.08341795829827
50,2021,December,3 Southern Metro, Stonnington,8073,6992.300497631,0.06992300497631
51,2021,December,3 Southern Metro,Total,78488,4837.905104919,0.048379051049190006
52,2021,December,4 Western, Ararat,1012,8430.33097426,0.08430330974259999
53,2021,December,4 Western, Ballarat,7554,6664.273619215,0.06664273619215
54,2021,December,4 Western, Buloke,195,3234.377369088,0.03234377369088
55,2021,December,4 Western, Campaspe,2451,6516.392852186,0.06516392852186
56,2021,December,4 Western, Central Goldfields,799,6120.750345738,0.06120750345738
57,2021,December,4 Western, Colac-Otway,1184,5474.953282088,0.054749532820880006
58,2021,December,4 Western, Corangamite,599,3811.659931829,0.03811659931829
59,2021,December,4 Western, Gannawarra,553,5357.689155264,0.05357689155264
60,2021,December,4 Western, Glenelg,1207,6173.037438971,0.06173037438971
61,2021,December,4 Western, Golden Plains,442,1786.724658065,0.01786724658065
62,2021,December,4 Western, Greater Bendigo,7734,6341.453219426,0.06341453219426
63,2021,December,4 Western, Greater Geelong,14767,5449.519266358,0.05449519266358
64,2021,December,4 Western, Hepburn,439,2712.253208818,0.02712253208818
65,2021,December,4 Western, Hindmarsh,312,5654.821766895,0.056548217668950004
66,2021,December,4 Western, Horsham,1566,7843.945318894,0.07843945318894
67,2021,December,4 Western, Loddon,409,5472.054193593,0.05472054193593
68,2021,December,4 Western, Macedon Ranges,1478,2861.434166597,0.02861434166597
69,2021,December,4 Western, Mildura,4751,8521.235173575,0.08521235173575
70,2021,December,4 Western, Moorabool,1617,4392.11573055,0.0439211573055
71,2021,December,4 Western, Mount Alexander,732,3633.509758878,0.03633509758878
72,2021,December,4 Western, Moyne,531,3124.117832152,0.03124117832152
73,2021,December,4 Western, Northern Grampians,837,7424.204134854,0.07424204134854
74,2021,December,4 Western, Pyrenees,329,4350.637118941,0.043506371189410004
75,2021,December,4 Western, Queenscliffe,74,2451.801718485,0.02451801718485
76,2021,December,4 Western, Southern Grampians,758,4725.137944358,0.04725137944358
77,2021,December,4 Western, Surf Coast,1079,3008.079815042,0.03008079815042
78,2021,December,4 Western, Swan Hill,1740,8537.241820557,0.08537241820557
79,2021,December,4 Western, Warrnambool,2272,6394.279766167,0.06394279766167
80,2021,December,4 Western, West Wimmera,163,4324.532432145,0.04324532432145
81,2021,December,4 Western, Yarriambiack,287,4452.466305767,0.04452466305767001
82,2021,December,4 Western,Total,57871,5578.769962061,0.055787699620610004
87,2020,December,1 North West Metro, Banyule,6707,5083.371229347,0.05083371229347
88,2020,December,1 North West Metro, Brimbank,15369,7380.178345907,0.07380178345907
89,2020,December,1 North West Metro, Darebin,12022,7223.457309379,0.07223457309379
90,2020,December,1 North West Metro, Hobsons Bay,4489,4571.795211276,0.04571795211276
91,2020,December,1 North West Metro, Hume,16154,6697.679818233,0.06697679818233
92,2020,December,1 North West Metro, Maribyrnong,7330,7717.251689794,0.07717251689794001
93,2020,December,1 North West Metro, Melbourne,26802,14585.646182982,0.14585646182982
94,2020,December,1 North West Metro, Melton,10098,5853.913043478,0.05853913043478
95,2020,December,1 North West Metro, Moonee Valley,6451,4896.283196588,0.04896283196587999
96,2020,December,1 North West Metro, Moreland,10800,5721.490554243,0.05721490554243
97,2020,December,1 North West Metro, Nillumbik,1629,2497.73838912,0.0249773838912
98,2020,December,1 North West Metro, Whittlesea,12137,5131.077750392,0.05131077750392
99,2020,December,1 North West Metro, Wyndham,13221,4666.88316731,0.0466688316731
100,2020,December,1 North West Metro, Yarra,11371,11026.424242424,0.11026424242424
101,2020,December,1 North West Metro,Total,154580,6703.60341451,0.0670360341451
102,2020,December,2 Eastern, Alpine,413,3183.535034302,0.03183535034302
103,2020,December,2 Eastern, Bass Coast,2044,5458.672719989,0.05458672719989
104,2020,December,2 Eastern, Baw Baw,3683,6710.516726186,0.06710516726186
105,2020,December,2 Eastern, Benalla,991,7009.973827545,0.07009973827545
106,2020,December,2 Eastern, Boroondara,6243,3411.046699049,0.03411046699049
107,2020,December,2 Eastern, East Gippsland,3673,7696.176008381,0.07696176008381
108,2020,December,2 Eastern, Greater Shepparton,6019,8974.206053377,0.08974206053377
109,2020,December,2 Eastern, Indigo,444,2629.552857566,0.02629552857566
110,2020,December,2 Eastern, Knox,8740,5292.254779076,0.05292254779076
111,2020,December,2 Eastern, Latrobe,9621,12673.38470658,0.1267338470658
112,2020,December,2 Eastern, Manningham,3433,2662.705830341,0.02662705830341
113,2020,December,2 Eastern, Mansfield,372,3926.535782141,0.039265357821409996
114,2020,December,2 Eastern, Maroondah,5755,4819.892630715,0.04819892630715
115,2020,December,2 Eastern, Mitchell,3216,6749.637962516,0.06749637962516
116,2020,December,2 Eastern, Moira,1597,5320.141248584,0.053201412485840004
117,2020,December,2 Eastern, Monash,9900,4830.776437522,0.048307764375220004
118,2020,December,2 Eastern, Murrindindi,654,4460.814405566,0.04460814405565999
119,2020,December,2 Eastern, South Gippsland,1255,4149.034646919,0.04149034646919
120,2020,December,2 Eastern, Strathbogie,480,4366.812227074,0.04366812227074
121,2020,December,2 Eastern, Towong,157,2572.92690921,0.025729269092099997
122,2020,December,2 Eastern, Wangaratta,1648,5644.415522143,0.05644415522143
123,2020,December,2 Eastern, Wellington,3321,7417.91378155,0.0741791378155
124,2020,December,2 Eastern, Whitehorse,7216,3992.585830083,0.03992585830083
125,2020,December,2 Eastern, Wodonga,2579,6045.192442923,0.06045192442923
126,2020,December,2 Eastern, Yarra Ranges,6346,3967.365821637,0.03967365821637
127,2020,December,2 Eastern,Total,89800,5175.998353825,0.051759983538249996
128,2020,December,3 Southern Metro, Bayside,4123,3833.886610688,0.03833886610688
129,2020,December,3 Southern Metro, Cardinia,5829,5016.653326792,0.050166533267920005
130,2020,December,3 Southern Metro, Casey,17257,4733.132199671,0.04733132199671
131,2020,December,3 Southern Metro, Frankston,10809,7540.917272461,0.07540917272461
132,2020,December,3 Southern Metro, Glen Eira,6267,3961.04060272,0.0396104060272
133,2020,December,3 Southern Metro, Greater Dandenong,14985,8900.464475357,0.08900464475356999
134,2020,December,3 Southern Metro, Kingston,8613,5148.452116945,0.05148452116945
135,2020,December,3 Southern Metro, Mornington Peninsula,8114,4805.107128898,0.04805107128898
136,2020,December,3 Southern Metro, Port Phillip,10296,8839.58927161,0.0883958927161
137,2020,December,3 Southern Metro, Stonnington,9058,7636.535316236,0.07636535316236
138,2020,December,3 Southern Metro,Total,95351,5851.56751018,0.058515675101799995
139,2020,December,4 Western, Ararat,1092,9126.61930631,0.09126619306309999
140,2020,December,4 Western, Ballarat,7346,6596.564326829,0.06596564326828999
141,2020,December,4 Western, Buloke,285,4671.365349943,0.046713653499430005
142,2020,December,4 Western, Campaspe,2497,6627.737226277,0.06627737226277
143,2020,December,4 Western, Central Goldfields,808,6171.707913229,0.06171707913229
144,2020,December,4 Western, Colac-Otway,1360,6278.275320838,0.06278275320838
145,2020,December,4 Western, Corangamite,649,4074.329838659,0.04074329838659
146,2020,December,4 Western, Gannawarra,680,6538.461538462,0.06538461538462
147,2020,December,4 Western, Glenelg,1080,5504.306610265,0.05504306610265
148,2020,December,4 Western, Golden Plains,447,1843.374984535,0.01843374984535
149,2020,December,4 Western, Greater Bendigo,8098,6749.458243041,0.06749458243041
150,2020,December,4 Western, Greater Geelong,16564,6253.728300348,0.06253728300348
151,2020,December,4 Western, Hepburn,562,3478.368509005,0.03478368509005
152,2020,December,4 Western, Hindmarsh,311,5561.516452074,0.05561516452074
153,2020,December,4 Western, Horsham,1479,7388.350484564,0.07388350484564
154,2020,December,4 Western, Loddon,391,5232.169142245,0.05232169142245
155,2020,December,4 Western, Macedon Ranges,1916,3759.000215809,0.037590002158090004
156,2020,December,4 Western, Mildura,4655,8321.862094857,0.08321862094857001
157,2020,December,4 Western, Moorabool,2048,5686.835309472,0.05686835309472
158,2020,December,4 Western, Mount Alexander,762,3809.809509525,0.03809809509525
159,2020,December,4 Western, Moyne,533,3130.322429083,0.031303224290829997
160,2020,December,4 Western, Northern Grampians,834,7313.864772428,0.07313864772428
161,2020,December,4 Western, Pyrenees,371,4910.655195235,0.04910655195235
162,2020,December,4 Western, Queenscliffe,100,3324.468085106,0.03324468085106
163,2020,December,4 Western, Southern Grampians,829,5138.217429032,0.05138217429032
164,2020,December,4 Western, Surf Coast,1197,3442.523942366,0.03442523942366
165,2020,December,4 Western, Swan Hill,1819,8858.478620824,0.08858478620824001
166,2020,December,4 Western, Warrnambool,2319,6526.327639096,0.06526327639096
167,2020,December,4 Western, West Wimmera,131,3438.320209974,0.03438320209974
168,2020,December,4 Western, Yarriambiack,361,5479.659987857,0.054796599878569996
169,2020,December,4 Western,Total,61524,5999.847868106,0.059998478681059994
174,2019,December,1 North West Metro, Banyule,7045,5351.716803403,0.05351716803403
175,2019,December,1 North West Metro, Brimbank,15149,7228.679951138,0.07228679951138
176,2019,December,1 North West Metro, Darebin,11416,6951.480904131,0.06951480904131
177,2019,December,1 North West Metro, Hobsons Bay,5000,5114.304710275,0.05114304710275
178,2019,December,1 North West Metro, Hume,15878,6798.689760003,0.06798689760003
179,2019,December,1 North West Metro, Maribyrnong,6905,7386.448728097,0.07386448728097
180,2019,December,1 North West Metro, Melbourne,26965,15064.750773769,0.15064750773769
181,2019,December,1 North West Metro, Melton,9077,5503.34675268,0.055033467526799995
182,2019,December,1 North West Metro, Moonee Valley,6476,4969.573258232,0.04969573258232
183,2019,December,1 North West Metro, Moreland,10843,5835.499512946,0.058354995129460005
184,2019,December,1 North West Metro, Nillumbik,1655,2542.28175548,0.025422817554799998
185,2019,December,1 North West Metro, Whittlesea,12071,5241.492507501,0.05241492507501
186,2019,December,1 North West Metro, Wyndham,13216,4883.835229687,0.048838352296869995
187,2019,December,1 North West Metro, Yarra,11073,10907.640174948,0.10907640174948
188,2019,December,1 North West Metro,Total,152769,6766.285897271,0.06766285897271
189,2019,December,2 Eastern, Alpine,426,3325.007805183,0.03325007805183
190,2019,December,2 Eastern, Bass Coast,1836,5055.762081784,0.050557620817839995
191,2019,December,2 Eastern, Baw Baw,3606,6753.567816609,0.06753567816609
192,2019,December,2 Eastern, Benalla,961,6847.655693316,0.06847655693316
193,2019,December,2 Eastern, Boroondara,6177,3371.780105569,0.03371780105569
194,2019,December,2 Eastern, East Gippsland,3645,7704.827936078,0.07704827936078
195,2019,December,2 Eastern, Greater Shepparton,6345,9541.209906618,0.09541209906617999
196,2019,December,2 Eastern, Indigo,433,2592.969638901,0.02592969638901
197,2019,December,2 Eastern, Knox,8789,5341.136290435,0.05341136290435
198,2019,December,2 Eastern, Latrobe,10101,13369.4227893,0.133694227893
199,2019,December,2 Eastern, Manningham,3823,2996.433750049,0.02996433750049
200,2019,December,2 Eastern, Mansfield,315,3433.242506812,0.03433242506812
201,2019,December,2 Eastern, Maroondah,5996,5056.971046395,0.05056971046394999
202,2019,December,2 Eastern, Mitchell,3141,6815.370928895,0.06815370928895001
203,2019,December,2 Eastern, Moira,1939,6480.614973262,0.06480614973262
204,2019,December,2 Eastern, Monash,9071,4470.763346739,0.04470763346739
205,2019,December,2 Eastern, Murrindindi,603,4139.2092257,0.041392092257
206,2019,December,2 Eastern, South Gippsland,1312,4386.492811769,0.043864928117689994
207,2019,December,2 Eastern, Strathbogie,447,4147.337168306,0.041473371683060006
208,2019,December,2 Eastern, Towong,149,2467.295909919,0.02467295909919
209,2019,December,2 Eastern, Wangaratta,1763,6040.981359649,0.06040981359649
210,2019,December,2 Eastern, Wellington,3274,7377.529406463,0.07377529406463
211,2019,December,2 Eastern, Whitehorse,7271,4067.032481444,0.04067032481444
212,2019,December,2 Eastern, Wodonga,2793,6636.884252549,0.06636884252549
213,2019,December,2 Eastern, Yarra Ranges,6162,3863.952744648,0.03863952744648
214,2019,December,2 Eastern,Total,90378,5255.173448402,0.05255173448402
215,2019,December,3 Southern Metro, Bayside,4016,3758.328966085,0.03758328966085
216,2019,December,3 Southern Metro, Cardinia,5257,4686.260351759,0.046862603517589994
217,2019,December,3 Southern Metro, Casey,16638,4700.504573937,0.04700504573937
218,2019,December,3 Southern Metro, Frankston,11035,7735.987942094,0.07735987942094
219,2019,December,3 Southern Metro, Glen Eira,5699,3640.719327946,0.03640719327946
220,2019,December,3 Southern Metro, Greater Dandenong,14690,8730.484188255,0.08730484188255001
221,2019,December,3 Southern Metro, Kingston,8917,5378.036718053,0.05378036718053
222,2019,December,3 Southern Metro, Mornington Peninsula,8658,5165.28555832,0.0516528555832
223,2019,December,3 Southern Metro, Port Phillip,9802,8477.772011763,0.08477772011762999
224,2019,December,3 Southern Metro, Stonnington,9055,7688.323597337,0.07688323597337
225,2019,December,3 Southern Metro,Total,93767,5833.976769117,0.05833976769117
226,2019,December,4 Western, Ararat,853,7201.958797703,0.07201958797703
227,2019,December,4 Western, Ballarat,8928,8153.126826417,0.08153126826417001
228,2019,December,4 Western, Buloke,241,3935.979095215,0.03935979095215
229,2019,December,4 Western, Campaspe,2918,7757.543533165,0.07757543533165
230,2019,December,4 Western, Central Goldfields,892,6766.803216507,0.06766803216507
231,2019,December,4 Western, Colac-Otway,1286,5964.196271218,0.05964196271218
232,2019,December,4 Western, Corangamite,523,3265.280639321,0.03265280639321
233,2019,December,4 Western, Gannawarra,630,6017.766739899,0.06017766739899
234,2019,December,4 Western, Glenelg,1080,5490.315693152,0.054903156931519995
235,2019,December,4 Western, Golden Plains,485,2044.515639491,0.02044515639491
236,2019,December,4 Western, Greater Bendigo,8438,7145.337070564,0.07145337070563999
237,2019,December,4 Western, Greater Geelong,16491,6368.706022291,0.06368706022291
238,2019,December,4 Western, Hepburn,724,4532.648844926,0.045326488449259995
239,2019,December,4 Western, Hindmarsh,229,4099.534550662,0.04099534550662
240,2019,December,4 Western, Horsham,1320,6626.506024096,0.06626506024096
241,2019,December,4 Western, Loddon,373,4972.007464676,0.04972007464676
242,2019,December,4 Western, Macedon Ranges,1744,3472.028668127,0.03472028668127
243,2019,December,4 Western, Mildura,5551,9951.773965112,0.09951773965111999
244,2019,December,4 Western, Moorabool,1597,4556.218082223,0.04556218082223
245,2019,December,4 Western, Mount Alexander,911,4612.424687358,0.046124246873579994
246,2019,December,4 Western, Moyne,505,2978.999528079,0.02978999528079
247,2019,December,4 Western, Northern Grampians,764,6701.166564336,0.06701166564336
248,2019,December,4 Western, Pyrenees,411,5502.008032129,0.05502008032129
249,2019,December,4 Western, Queenscliffe,105,3572.64375638,0.0357264375638
250,2019,December,4 Western, Southern Grampians,945,5870.294446515,0.05870294446515
251,2019,December,4 Western, Surf Coast,1003,2997.877873091,0.02997877873091
252,2019,December,4 Western, Swan Hill,1872,9065.375302663,0.09065375302663001
253,2019,December,4 Western, Warrnambool,2604,7401.722520679,0.07401722520679
254,2019,December,4 Western, West Wimmera,130,3386.298515238,0.03386298515238
255,2019,December,4 Western, Yarriambiack,298,4489.980412837,0.04489980412837
256,2019,December,4 Western,Total,63851,6314.66621306,0.0631466621306
261,2018,December,1 North West Metro, Banyule,7165,5500.959692898,0.05500959692898
262,2018,December,1 North West Metro, Brimbank,14572,6980.799448128,0.06980799448128
263,2018,December,1 North West Metro, Darebin,11604,7178.338787403,0.07178338787403
264,2018,December,1 North West Metro, Hobsons Bay,4813,4988.546967797,0.04988546967797
265,2018,December,1 North West Metro, Hume,15543,6925.760728624,0.06925760728624
266,2018,December,1 North West Metro, Maribyrnong,6937,7588.636189601,0.07588636189601
267,2018,December,1 North West Metro, Melbourne,26890,15788.206696924,0.15788206696924
268,2018,December,1 North West Metro, Melton,8049,5135.976722521,0.05135976722521
269,2018,December,1 North West Metro, Moonee Valley,6683,5224.930808563,0.05224930808563
270,2018,December,1 North West Metro, Moreland,11611,6387.391352184,0.06387391352184
271,2018,December,1 North West Metro, Nillumbik,1644,2531.528618284,0.02531528618284
272,2018,December,1 North West Metro, Whittlesea,11778,5273.408642158,0.05273408642157999
273,2018,December,1 North West Metro, Wyndham,11291,4421.479674351,0.04421479674351
274,2018,December,1 North West Metro, Yarra,11312,11476.457637952,0.11476457637952
275,2018,December,1 North West Metro,Total,149892,6838.428820201,0.06838428820201001
276,2018,December,2 Eastern, Alpine,393,3087.195600943,0.03087195600943
277,2018,December,2 Eastern, Bass Coast,1660,4699.088490064,0.046990884900640004
278,2018,December,2 Eastern, Baw Baw,3165,6085.1341998,0.060851341998
279,2018,December,2 Eastern, Benalla,874,6232.617842117,0.06232617842117
280,2018,December,2 Eastern, Boroondara,5603,3089.162844037,0.03089162844037
281,2018,December,2 Eastern, East Gippsland,3170,6771.189336979,0.06771189336979
282,2018,December,2 Eastern, Greater Shepparton,6196,9386.741001091,0.09386741001091001
283,2018,December,2 Eastern, Indigo,342,2074.110012736,0.02074110012736
284,2018,December,2 Eastern, Knox,8072,4945.714775874,0.04945714775874
285,2018,December,2 Eastern, Latrobe,9907,13172.625616615,0.13172625616615
286,2018,December,2 Eastern, Manningham,3347,2666.188712311,0.02666188712311
287,2018,December,2 Eastern, Mansfield,333,3708.653524891,0.03708653524891
288,2018,December,2 Eastern, Maroondah,5912,5031.275264882,0.05031275264881999
289,2018,December,2 Eastern, Mitchell,2998,6767.799900673,0.06767799900673
290,2018,December,2 Eastern, Moira,1566,5255.562640534,0.05255562640534
291,2018,December,2 Eastern, Monash,8230,4110.642718718,0.041106427187179995
292,2018,December,2 Eastern, Murrindindi,571,3943.914905374,0.039439149053740005
293,2018,December,2 Eastern, South Gippsland,1023,3459.002535926,0.03459002535926
294,2018,December,2 Eastern, Strathbogie,440,4133.78429162,0.0413378429162
295,2018,December,2 Eastern, Towong,178,2940.204823257,0.02940204823257
296,2018,December,2 Eastern, Wangaratta,1740,5982.259506292,0.05982259506292
297,2018,December,2 Eastern, Wellington,2824,6415.703023832,0.06415703023832
298,2018,December,2 Eastern, Whitehorse,6251,3546.203899633,0.03546203899633
299,2018,December,2 Eastern, Wodonga,2384,5754.423230105,0.05754423230105
300,2018,December,2 Eastern, Yarra Ranges,5540,3502.538391993,0.03502538391993
301,2018,December,2 Eastern,Total,82719,4867.95970467,0.0486795970467
302,2018,December,3 Southern Metro, Bayside,3697,3496.1463899,0.034961463899
303,2018,December,3 Southern Metro, Cardinia,4570,4266.362948925,0.042663629489249996
304,2018,December,3 Southern Metro, Casey,15893,4668.329206358,0.046683292063580004
305,2018,December,3 Southern Metro, Frankston,11296,7963.509979062,0.07963509979062
306,2018,December,3 Southern Metro, Glen Eira,4974,3231.548856549,0.03231548856549
307,2018,December,3 Southern Metro, Greater Dandenong,14076,8472.372697725,0.08472372697725
308,2018,December,3 Southern Metro, Kingston,8532,5219.881066001,0.05219881066001
309,2018,December,3 Southern Metro, Mornington Peninsula,8137,4907.039433613,0.04907039433613
310,2018,December,3 Southern Metro, Port Phillip,9957,8790.888624023,0.08790888624023001
311,2018,December,3 Southern Metro, Stonnington,8338,7170.560968688,0.07170560968688
312,2018,December,3 Southern Metro,Total,89470,5684.124792809,0.05684124792809
313,2018,December,4 Western, Ararat,901,7638.830012717,0.07638830012716999
314,2018,December,4 Western, Ballarat,8055,7505.311020834,0.07505311020834
315,2018,December,4 Western, Buloke,182,2943.55490862,0.0294355490862
316,2018,December,4 Western, Campaspe,2841,7557.86113328,0.0755786113328
317,2018,December,4 Western, Central Goldfields,970,7344.033918837,0.07344033918837
318,2018,December,4 Western, Colac-Otway,1269,5901.776578923,0.05901776578923
319,2018,December,4 Western, Corangamite,539,3339.736043125,0.03339736043125
320,2018,December,4 Western, Gannawarra,519,4921.297174284,0.04921297174284
321,2018,December,4 Western, Glenelg,1030,5237.998372661,0.05237998372661
322,2018,December,4 Western, Golden Plains,509,2201.747556017,0.022017475560170002
323,2018,December,4 Western, Greater Bendigo,7733,6664.023922579,0.06664023922579
324,2018,December,4 Western, Greater Geelong,16009,6347.01005832,0.0634701005832
325,2018,December,4 Western, Hepburn,602,3807.235011384,0.03807235011384
326,2018,December,4 Western, Hindmarsh,254,4500.354358611,0.04500354358611
327,2018,December,4 Western, Horsham,1575,7924.927040354,0.07924927040354
328,2018,December,4 Western, Loddon,390,5191.002262745,0.051910022627449995
329,2018,December,4 Western, Macedon Ranges,1660,3361.20841517,0.0336120841517
330,2018,December,4 Western, Mildura,5547,9991.71410044,0.0999171410044
331,2018,December,4 Western, Moorabool,1764,5164.539173205,0.05164539173205
332,2018,December,4 Western, Mount Alexander,691,3541.047453111,0.03541047453111
333,2018,December,4 Western, Moyne,428,2534.493989459,0.025344939894590003
334,2018,December,4 Western, Northern Grampians,764,6684.16447944,0.0668416447944
335,2018,December,4 Western, Pyrenees,340,4623.963008296,0.046239630082960004
336,2018,December,4 Western, Queenscliffe,101,3386.988598256,0.03386988598256
337,2018,December,4 Western, Southern Grampians,1111,6886.079087641,0.06886079087641
338,2018,December,4 Western, Surf Coast,878,2722.311794617,0.02722311794617
339,2018,December,4 Western, Swan Hill,1781,8578.998073218,0.08578998073218
340,2018,December,4 Western, Warrnambool,2907,8338.352981671,0.08338352981671
341,2018,December,4 Western, West Wimmera,128,3314.344899016,0.03314344899016
342,2018,December,4 Western, Yarriambiack,335,5031.541003304,0.05031541003304
343,2018,December,4 Western,Total,61813,6206.523310735,0.06206523310735
348,2017,December,1 North West Metro, Banyule,7433,5756.883398521,0.057568833985210004
349,2017,December,1 North West Metro, Brimbank,13246,6399.12655739,0.0639912655739
350,2017,December,1 North West Metro, Darebin,11445,7209.403405333,0.07209403405333
351,2017,December,1 North West Metro, Hobsons Bay,4908,5162.457531739,0.05162457531739
352,2017,December,1 North West Metro, Hume,15048,6991.330527137,0.06991330527137
353,2017,December,1 North West Metro, Maribyrnong,6465,7234.618741747,0.07234618741747
354,2017,December,1 North West Metro, Melbourne,26515,16661.325491231,0.16661325491231
355,2017,December,1 North West Metro, Melton,8048,5415.225611972,0.054152256119719994
356,2017,December,1 North West Metro, Moonee Valley,6668,5316.917973702,0.053169179737020004
357,2017,December,1 North West Metro, Moreland,10520,5944.376010035,0.05944376010035
358,2017,December,1 North West Metro, Nillumbik,1845,2855.241573555,0.028552415735549997
359,2017,December,1 North West Metro, Whittlesea,11343,5259.033966043,0.05259033966043
360,2017,December,1 North West Metro, Wyndham,10855,4502.822819833,0.045028228198329995
361,2017,December,1 North West Metro, Yarra,10561,11001.729274746,0.11001729274746
362,2017,December,1 North West Metro,Total,144900,6828.312473758,0.06828312473758
363,2017,December,2 Eastern, Alpine,310,2452.919765786,0.024529197657859998
364,2017,December,2 Eastern, Bass Coast,1936,5630.198336532,0.05630198336532
365,2017,December,2 Eastern, Baw Baw,2766,5458.205067488,0.05458205067488
366,2017,December,2 Eastern, Benalla,975,6977.243452125,0.06977243452125
367,2017,December,2 Eastern, Boroondara,5741,3195.17801388,0.0319517801388
368,2017,December,2 Eastern, East Gippsland,2972,6441.824172013,0.06441824172013
369,2017,December,2 Eastern, Greater Shepparton,5940,9061.231961436,0.09061231961436
370,2017,December,2 Eastern, Indigo,376,2302.08779771,0.0230208779771
371,2017,December,2 Eastern, Knox,8432,5210.502573736,0.05210502573736
372,2017,December,2 Eastern, Latrobe,9282,12391.199871843,0.12391199871843
373,2017,December,2 Eastern, Manningham,3699,2976.583246158,0.02976583246158
374,2017,December,2 Eastern, Mansfield,494,5616.189176899,0.05616189176899
375,2017,December,2 Eastern, Maroondah,6300,5416.046973461,0.054160469734609994
376,2017,December,2 Eastern, Mitchell,3059,7130.037526513,0.07130037526513
377,2017,December,2 Eastern, Moira,1450,4890.058006205,0.04890058006205
378,2017,December,2 Eastern, Monash,8175,4151.389890413,0.04151389890413
379,2017,December,2 Eastern, Murrindindi,546,3835.885906983,0.03835885906983
380,2017,December,2 Eastern, South Gippsland,1004,3424.166979298,0.03424166979298
381,2017,December,2 Eastern, Strathbogie,438,4177.794734834,0.041777947348340005
382,2017,December,2 Eastern, Towong,174,2881.271733731,0.02881271733731
383,2017,December,2 Eastern, Wangaratta,1780,6169.202509271,0.061692025092710004
384,2017,December,2 Eastern, Wellington,2722,6214.46998927,0.0621446998927
385,2017,December,2 Eastern, Whitehorse,6513,3759.025296803,0.03759025296803
386,2017,December,2 Eastern, Wodonga,2423,5936.979319808,0.059369793198079994
387,2017,December,2 Eastern, Yarra Ranges,5720,3646.35460161,0.036463546016099996
388,2017,December,2 Eastern,Total,83227,4957.975133575,0.049579751335749996
389,2017,December,3 Southern Metro, Bayside,3831,3673.692487678,0.03673692487678
390,2017,December,3 Southern Metro, Cardinia,4350,4247.922424148,0.04247922424148
391,2017,December,3 Southern Metro, Casey,15066,4610.568257281,0.04610568257281
392,2017,December,3 Southern Metro, Frankston,10703,7605.992126096,0.07605992126096
393,2017,December,3 Southern Metro, Glen Eira,5348,3531.035211314,0.03531035211314
394,2017,December,3 Southern Metro, Greater Dandenong,13669,8359.324355728,0.08359324355728
395,2017,December,3 Southern Metro, Kingston,7696,4778.610502263,0.04778610502263
396,2017,December,3 Southern Metro, Mornington Peninsula,8463,5165.594443156,0.05165594443156
397,2017,December,3 Southern Metro, Port Phillip,9689,8755.964430307,0.08755964430307
398,2017,December,3 Southern Metro, Stonnington,7895,6939.317230953,0.06939317230953
399,2017,December,3 Southern Metro,Total,86710,5636.148309156,0.056361483091560007
400,2017,December,4 Western, Ararat,912,7757.740728139,0.07757740728139
401,2017,December,4 Western, Ballarat,8958,8497.277608089,0.08497277608089
402,2017,December,4 Western, Buloke,158,2546.333601934,0.025463336019339998
403,2017,December,4 Western, Campaspe,2505,6662.765646195,0.06662765646195
404,2017,December,4 Western, Central Goldfields,859,6533.313051415,0.06533313051415
405,2017,December,4 Western, Colac-Otway,1381,6444.237050863,0.06444237050863
406,2017,December,4 Western, Corangamite,708,4367.674275139,0.04367674275139
407,2017,December,4 Western, Gannawarra,444,4200.965086574,0.04200965086574
408,2017,December,4 Western, Glenelg,1243,6312.20800325,0.0631220800325
409,2017,December,4 Western, Golden Plains,499,2211.095356257,0.022110953562569997
410,2017,December,4 Western, Greater Bendigo,7200,6310.751943624,0.06310751943624
411,2017,December,4 Western, Greater Geelong,17116,6965.425185571,0.06965425185571
412,2017,December,4 Western, Hepburn,660,4222.918932753,0.04222918932753
413,2017,December,4 Western, Hindmarsh,278,4861.839804127,0.04861839804127
414,2017,December,4 Western, Horsham,1575,7920.543122957,0.07920543122957001
415,2017,December,4 Western, Loddon,295,3929.665645398,0.03929665645398
416,2017,December,4 Western, Macedon Ranges,1598,3300.152823097,0.033001528230969995
417,2017,December,4 Western, Mildura,4804,8712.052518951,0.08712052518951001
418,2017,December,4 Western, Moorabool,1737,5194.06734047,0.0519406734047
419,2017,December,4 Western, Mount Alexander,767,3974.711094989,0.039747110949889995
420,2017,December,4 Western, Moyne,465,2769.010897398,0.02769010897398
421,2017,December,4 Western, Northern Grampians,842,7310.931666233,0.07310931666233
422,2017,December,4 Western, Pyrenees,357,4851.861919,0.04851861919
423,2017,December,4 Western, Queenscliffe,126,4258.195336262,0.042581953362619995
424,2017,December,4 Western, Southern Grampians,984,6103.082552875,0.06103082552875
425,2017,December,4 Western, Surf Coast,996,3177.337544263,0.03177337544263
426,2017,December,4 Western, Swan Hill,1773,8504.820837531,0.08504820837531
427,2017,December,4 Western, Warrnambool,2650,7665.82776476,0.0766582776476
428,2017,December,4 Western, West Wimmera,126,3235.747303544,0.032357473035439996
429,2017,December,4 Western, Yarriambiack,355,5311.190903651,0.053111909036509995
430,2017,December,4 Western,Total,62371,6354.344001166,0.06354344001166
435,2016,December,1 North West Metro, Banyule,7482,5870.675653409,0.05870675653409
436,2016,December,1 North West Metro, Brimbank,15097,7393.603996278,0.07393603996277999
437,2016,December,1 North West Metro, Darebin,13227,8526.617072573,0.08526617072573
438,2016,December,1 North West Metro, Hobsons Bay,5336,5710.310878057,0.057103108780570004
439,2016,December,1 North West Metro, Hume,17662,8530.67749866,0.0853067749866
440,2016,December,1 North West Metro, Maribyrnong,7190,8269.881070139,0.08269881070139
441,2016,December,1 North West Metro, Melbourne,28252,19337.969554266,0.19337969554266002
442,2016,December,1 North West Metro, Melton,9066,6410.691557064,0.06410691557064001
443,2016,December,1 North West Metro, Moonee Valley,7741,6300.103360435,0.06300103360435
444,2016,December,1 North West Metro, Moreland,12120,7034.487561958,0.07034487561958
445,2016,December,1 North West Metro, Nillumbik,2264,3527.908498769,0.03527908498769
446,2016,December,1 North West Metro, Whittlesea,13078,6316.104666325,0.06316104666325
447,2016,December,1 North West Metro, Wyndham,12370,5449.14716662,0.0544914716662
448,2016,December,1 North West Metro, Yarra,11293,12156.86696665,0.12156866966650001
449,2016,December,1 North West Metro,Total,162178,7918.824456569,0.07918824456569
450,2016,December,2 Eastern, Alpine,267,2122.754014947,0.021227540149470002
451,2016,December,2 Eastern, Bass Coast,2070,6185.751852737,0.06185751852737
452,2016,December,2 Eastern, Baw Baw,2921,5925.430055177,0.05925430055177
453,2016,December,2 Eastern, Benalla,1019,7287.94163925,0.0728794163925
454,2016,December,2 Eastern, Boroondara,7061,3983.054671811,0.039830546718109996
455,2016,December,2 Eastern, East Gippsland,3096,6789.473684211,0.06789473684210999
456,2016,December,2 Eastern, Greater Shepparton,6329,9726.149495943,0.09726149495943
457,2016,December,2 Eastern, Indigo,319,1973.399319517,0.01973399319517
458,2016,December,2 Eastern, Knox,9167,5716.762392971,0.05716762392971
459,2016,December,2 Eastern, Latrobe,10450,14003.913055131,0.14003913055131
460,2016,December,2 Eastern, Manningham,3961,3231.622746186,0.03231622746186
461,2016,December,2 Eastern, Mansfield,481,5545.307816463,0.05545307816463
462,2016,December,2 Eastern, Maroondah,6768,5895.470383275,0.05895470383275
463,2016,December,2 Eastern, Mitchell,3227,7721.019260677,0.07721019260676999
464,2016,December,2 Eastern, Moira,1368,4639.489927423,0.04639489927423
465,2016,December,2 Eastern, Monash,8962,4652.563270604,0.046525632706039995
466,2016,December,2 Eastern, Murrindindi,546,3885.567890692,0.03885567890692
467,2016,December,2 Eastern, South Gippsland,1139,3911.132477165,0.039111324771650004
468,2016,December,2 Eastern, Strathbogie,479,4624.891377812,0.04624891377812
469,2016,December,2 Eastern, Towong,176,2911.015547469,0.02911015547469
470,2016,December,2 Eastern, Wangaratta,1811,6333.939563514,0.06333939563514
471,2016,December,2 Eastern, Wellington,3318,7622.329427981,0.07622329427980999
472,2016,December,2 Eastern, Whitehorse,6354,3745.556793464,0.03745556793464
473,2016,December,2 Eastern, Wodonga,2496,6224.438902743,0.06224438902743
474,2016,December,2 Eastern, Yarra Ranges,6453,4157.164392563,0.041571643925629995
475,2016,December,2 Eastern,Total,90238,5452.368062336,0.054523680623359994
476,2016,December,3 Southern Metro, Bayside,4207,4087.958644279,0.04087958644279
477,2016,December,3 Southern Metro, Cardinia,5383,5516.895042686,0.05516895042686
478,2016,December,3 Southern Metro, Casey,18198,5817.979532528,0.058179795325280004
479,2016,December,3 Southern Metro, Frankston,12484,8948.975641926,0.08948975641925999
480,2016,December,3 Southern Metro, Glen Eira,5675,3819.414064866,0.03819414064866
481,2016,December,3 Southern Metro, Greater Dandenong,15473,9657.225599481,0.09657225599481001
482,2016,December,3 Southern Metro, Kingston,8656,5446.046017076,0.05446046017076
483,2016,December,3 Southern Metro, Mornington Peninsula,9116,5643.603585756,0.05643603585756
484,2016,December,3 Southern Metro, Port Phillip,10485,9652.2963904,0.096522963904
485,2016,December,3 Southern Metro, Stonnington,9177,8267.344125834,0.08267344125834
486,2016,December,3 Southern Metro,Total,98854,6582.893825582,0.06582893825582001
487,2016,December,4 Western, Ararat,867,7381.864623244,0.07381864623244
488,2016,December,4 Western, Ballarat,9475,9154.589371981,0.09154589371980999
489,2016,December,4 Western, Buloke,169,2689.369828135,0.02689369828135
490,2016,December,4 Western, Campaspe,2815,7487.697832159,0.07487697832159
491,2016,December,4 Western, Central Goldfields,1012,7732.864674868,0.07732864674868001
492,2016,December,4 Western, Colac-Otway,1445,6764.347907499,0.06764347907499
493,2016,December,4 Western, Corangamite,733,4512.71316875,0.045127131687499995
494,2016,December,4 Western, Gannawarra,491,4646.541118577,0.04646541118577
495,2016,December,4 Western, Glenelg,1374,6953.793208158,0.06953793208158
496,2016,December,4 Western, Golden Plains,646,2934.229651163,0.029342296511630003
497,2016,December,4 Western, Greater Bendigo,7933,7066.19042105,0.0706619042105
498,2016,December,4 Western, Greater Geelong,18627,7776.51140363,0.0777651140363
499,2016,December,4 Western, Hepburn,729,4695.652173913,0.04695652173913
500,2016,December,4 Western, Hindmarsh,235,4062.932226833,0.04062932226833
501,2016,December,4 Western, Horsham,1880,9454.838060752,0.09454838060752
502,2016,December,4 Western, Loddon,382,5054.247155332,0.05054247155332
503,2016,December,4 Western, Macedon Ranges,1646,3466.722830666,0.03466722830666
504,2016,December,4 Western, Mildura,5091,9314.281532438,0.09314281532438001
505,2016,December,4 Western, Moorabool,2005,6136.753183154,0.06136753183154
506,2016,December,4 Western, Mount Alexander,951,4979.839765408,0.04979839765408
507,2016,December,4 Western, Moyne,491,2933.620123081,0.029336201230810002
508,2016,December,4 Western, Northern Grampians,936,8089.887640449,0.08089887640449
509,2016,December,4 Western, Pyrenees,391,5344.45051941,0.0534445051941
510,2016,December,4 Western, Queenscliffe,124,4233.526800956,0.04233526800956001
511,2016,December,4 Western, Southern Grampians,987,6121.689511877,0.06121689511877
512,2016,December,4 Western, Surf Coast,1093,3587.723617266,0.03587723617266
513,2016,December,4 Western, Swan Hill,1735,8303.024502297,0.08303024502296999
514,2016,December,4 Western, Warrnambool,2492,7277.612289002,0.07277612289002
515,2016,December,4 Western, West Wimmera,108,2743.205486411,0.02743205486411
516,2016,December,4 Western, Yarriambiack,330,4893.96411093,0.0489396411093
517,2016,December,4 Western,Total,67193,6944.510474694,0.06944510474693999
522,2015,December,1 North West Metro, Banyule,6857,5438.265338494,0.054382653384940007
523,2015,December,1 North West Metro, Brimbank,14821,7378.771283481,0.07378771283481
524,2015,December,1 North West Metro, Darebin,11473,7549.31764644,0.0754931764644
525,2015,December,1 North West Metro, Hobsons Bay,5358,5844.623339224,0.058446233392240005
526,2015,December,1 North West Metro, Hume,14882,7509.486517035,0.07509486517035001
527,2015,December,1 North West Metro, Maribyrnong,6909,8149.039312126,0.08149039312126001
528,2015,December,1 North West Metro, Melbourne,24847,18153.457244725,0.18153457244725
529,2015,December,1 North West Metro, Melton,8376,6208.353407701,0.06208353407701
530,2015,December,1 North West Metro, Moonee Valley,6957,5786.361254585,0.05786361254585
531,2015,December,1 North West Metro, Moreland,11165,6650.979924942,0.06650979924942
532,2015,December,1 North West Metro, Nillumbik,1941,3048.292108363,0.03048292108363
533,2015,December,1 North West Metro, Whittlesea,10378,5272.114891261,0.05272114891261
534,2015,December,1 North West Metro, Wyndham,11322,5295.231859318,0.052952318593179996
535,2015,December,1 North West Metro, Yarra,10051,11177.340613636,0.11177340613636001
536,2015,December,1 North West Metro,Total,145337,7348.777849859,0.07348777849858999
537,2015,December,2 Eastern, Alpine,357,2872.314747767,0.028723147477669998
538,2015,December,2 Eastern, Bass Coast,1929,5921.537328094,0.05921537328094
539,2015,December,2 Eastern, Baw Baw,2490,5205.175909861,0.05205175909861
540,2015,December,2 Eastern, Benalla,810,5817.711700065,0.058177117000649994
541,2015,December,2 Eastern, Boroondara,5897,3374.477119134,0.03374477119134
542,2015,December,2 Eastern, East Gippsland,3147,7013.907461888,0.07013907461888
543,2015,December,2 Eastern, Greater Shepparton,5498,8525.484966428,0.08525484966427999
544,2015,December,2 Eastern, Indigo,380,2386.634844869,0.02386634844869
545,2015,December,2 Eastern, Knox,7352,4632.640201638,0.04632640201638
546,2015,December,2 Eastern, Latrobe,9017,12141.491395793,0.12141491395793
547,2015,December,2 Eastern, Manningham,3354,2776.83487188,0.027768348718799997
548,2015,December,2 Eastern, Mansfield,339,3974.208675264,0.039742086752639995
549,2015,December,2 Eastern, Maroondah,5791,5123.735876768,0.05123735876768
550,2015,December,2 Eastern, Mitchell,2656,6596.463341943,0.06596463341943
551,2015,December,2 Eastern, Moira,1104,3769.461895657,0.037694618956569996
552,2015,December,2 Eastern, Monash,7525,3977.819362069,0.039778193620689996
553,2015,December,2 Eastern, Murrindindi,509,3675.621028307,0.03675621028307
554,2015,December,2 Eastern, South Gippsland,907,3151.384594003,0.031513845940030004
555,2015,December,2 Eastern, Strathbogie,359,3528.255528256,0.03528255528256
556,2015,December,2 Eastern, Towong,167,2781.01582015,0.0278101582015
557,2015,December,2 Eastern, Wangaratta,1629,5788.295490886,0.05788295490886
558,2015,December,2 Eastern, Wellington,2965,6867.877327898,0.06867877327898
559,2015,December,2 Eastern, Whitehorse,5781,3468.343342593,0.03468343342593
560,2015,December,2 Eastern, Wodonga,2617,6672.105652296,0.06672105652296
561,2015,December,2 Eastern, Yarra Ranges,5442,3547.796154924,0.035477961549239996
562,2015,December,2 Eastern,Total,78022,4785.909348539,0.047859093485390004
563,2015,December,3 Southern Metro, Bayside,3642,3596.39767745,0.0359639767745
564,2015,December,3 Southern Metro, Cardinia,4677,5067.282064617,0.05067282064617
565,2015,December,3 Southern Metro, Casey,15156,5059.961005315,0.05059961005315
566,2015,December,3 Southern Metro, Frankston,10922,7926.554902388,0.07926554902388
567,2015,December,3 Southern Metro, Glen Eira,5141,3523.066801897,0.03523066801897
568,2015,December,3 Southern Metro, Greater Dandenong,13513,8658.793676831,0.08658793676830999
569,2015,December,3 Southern Metro, Kingston,8065,5161.798213051,0.05161798213051
570,2015,December,3 Southern Metro, Mornington Peninsula,8134,5121.166522908,0.05121166522908
571,2015,December,3 Southern Metro, Port Phillip,9808,9219.691486262,0.09219691486262
572,2015,December,3 Southern Metro, Stonnington,7776,7198.133817159,0.07198133817159
573,2015,December,3 Southern Metro,Total,86834,5937.964362914,0.05937964362914
574,2015,December,4 Western, Ararat,910,7815.183785641,0.07815183785641
575,2015,December,4 Western, Ballarat,8730,8602.76510411,0.0860276510411
576,2015,December,4 Western, Buloke,178,2822.708531557,0.028227085315569996
577,2015,December,4 Western, Campaspe,2332,6230.463009966,0.062304630099659995
578,2015,December,4 Western, Central Goldfields,846,6532.818532819,0.06532818532819
579,2015,December,4 Western, Colac-Otway,1193,5619.406500236,0.05619406500236
580,2015,December,4 Western, Corangamite,506,3109.254024825,0.031092540248250002
581,2015,December,4 Western, Gannawarra,456,4328.018223235,0.04328018223235
582,2015,December,4 Western, Glenelg,1227,6221.478551871,0.06221478551870999
583,2015,December,4 Western, Golden Plains,543,2538.806807556,0.02538806807556
584,2015,December,4 Western, Greater Bendigo,6348,5775.739709575,0.05775739709575
585,2015,December,4 Western, Greater Geelong,15450,6633.007908091,0.06633007908091
586,2015,December,4 Western, Hepburn,584,3808.53006391,0.0380853006391
587,2015,December,4 Western, Hindmarsh,162,2789.256198347,0.02789256198347
588,2015,December,4 Western, Horsham,1973,9968.674211803,0.09968674211803
589,2015,December,4 Western, Loddon,313,4156.154561147,0.04156154561147
590,2015,December,4 Western, Macedon Ranges,1518,3273.456537209,0.03273456537209
591,2015,December,4 Western, Mildura,4681,8643.548267967,0.08643548267967001
592,2015,December,4 Western, Moorabool,1602,5045.987148797,0.05045987148797
593,2015,December,4 Western, Mount Alexander,720,3831.009896776,0.03831009896776
594,2015,December,4 Western, Moyne,407,2453.137243084,0.024531372430840002
595,2015,December,4 Western, Northern Grampians,811,6964.960494675,0.06964960494675
596,2015,December,4 Western, Pyrenees,355,4944.978409249,0.04944978409249
597,2015,December,4 Western, Queenscliffe,154,5250.596658711,0.052505966587109994
598,2015,December,4 Western, Southern Grampians,799,4943.695087242,0.049436950872420005
599,2015,December,4 Western, Surf Coast,1160,3915.611814346,0.03915611814346
600,2015,December,4 Western, Swan Hill,1615,7729.861676159,0.07729861676159
601,2015,December,4 Western, Warrnambool,2157,6343.184825761,0.06343184825761
602,2015,December,4 Western, West Wimmera,103,2591.847005536,0.02591847005536
603,2015,December,4 Western, Yarriambiack,315,4614.708467624,0.04614708467624
604,2015,December,4 Western,Total,58148,6113.377349762,0.06113377349762
609,2014,December,1 North West Metro, Banyule,6806,5440.143237389,0.05440143237389
610,2014,December,1 North West Metro, Brimbank,13725,6915.472519499,0.06915472519499
611,2014,December,1 North West Metro, Darebin,10975,7340.597012929,0.07340597012929
612,2014,December,1 North West Metro, Hobsons Bay,5557,6145.968125463,0.06145968125463001
613,2014,December,1 North West Metro, Hume,13223,6912.974832443,0.06912974832443
614,2014,December,1 North West Metro, Maribyrnong,6576,7974.485526842,0.07974485526842
615,2014,December,1 North West Metro, Melbourne,23724,18537.995702286,0.18537995702286
616,2014,December,1 North West Metro, Melton,7529,5822.487220534,0.05822487220534
617,2014,December,1 North West Metro, Moonee Valley,6445,5472.856499919,0.05472856499919
618,2014,December,1 North West Metro, Moreland,10295,6273.651880877,0.06273651880877
619,2014,December,1 North West Metro, Nillumbik,1586,2500.275881639,0.02500275881639
620,2014,December,1 North West Metro, Whittlesea,10240,5449.736294499,0.05449736294499
621,2014,December,1 North West Metro, Wyndham,10157,5040.394616698,0.050403946166980004
622,2014,December,1 North West Metro, Yarra,9958,11416.059063603,0.11416059063603
623,2014,December,1 North West Metro,Total,136796,7137.944817064,0.07137944817064
624,2014,December,2 Eastern, Alpine,278,2250.101173614,0.022501011736139997
625,2014,December,2 Eastern, Bass Coast,1996,6253.720587775,0.06253720587775
626,2014,December,2 Eastern, Baw Baw,2278,4883.800703199,0.048838007031990004
627,2014,December,2 Eastern, Benalla,819,5892.934235142,0.05892934235142
628,2014,December,2 Eastern, Boroondara,5686,3293.177342755,0.03293177342755
629,2014,December,2 Eastern, East Gippsland,2921,6597.104591549,0.06597104591549001
630,2014,December,2 Eastern, Greater Shepparton,5629,8806.458173626,0.08806458173626
631,2014,December,2 Eastern, Indigo,329,2091.278921943,0.02091278921943
632,2014,December,2 Eastern, Knox,7160,4547.937548433,0.04547937548433
633,2014,December,2 Eastern, Latrobe,7815,10541.721747107,0.10541721747107
634,2014,December,2 Eastern, Manningham,3130,2620.628448471,0.02620628448471
635,2014,December,2 Eastern, Mansfield,388,4621.798689696,0.04621798689696
636,2014,December,2 Eastern, Maroondah,5871,5269.204189515,0.05269204189515
637,2014,December,2 Eastern, Mitchell,2145,5488.17930611,0.0548817930611
638,2014,December,2 Eastern, Moira,1083,3721.649484536,0.03721649484536
639,2014,December,2 Eastern, Monash,6885,3698.630136986,0.036986301369859996
640,2014,December,2 Eastern, Murrindindi,517,3777.306933587,0.03777306933587
641,2014,December,2 Eastern, South Gippsland,901,3159.075768732,0.031590757687320004
642,2014,December,2 Eastern, Strathbogie,340,3393.890996207,0.03393890996207
643,2014,December,2 Eastern, Towong,148,2474.088933467,0.024740889334670002
644,2014,December,2 Eastern, Wangaratta,1689,6062.019955495,0.06062019955495
645,2014,December,2 Eastern, Wellington,2900,6752.351681103,0.06752351681103
646,2014,December,2 Eastern, Whitehorse,5700,3468.841285297,0.03468841285297
647,2014,December,2 Eastern, Wodonga,2431,6335.844040762,0.06335844040762
648,2014,December,2 Eastern, Yarra Ranges,5353,3522.452095178,0.03522452095178
649,2014,December,2 Eastern,Total,74392,4619.955385311,0.046199553853110004
650,2014,December,3 Southern Metro, Bayside,3231,3237.572271712,0.032375722717120005
651,2014,December,3 Southern Metro, Cardinia,3862,4385.148177586,0.04385148177586
652,2014,December,3 Southern Metro, Casey,12926,4489.176451793,0.04489176451793
653,2014,December,3 Southern Metro, Frankston,10624,7801.381984271,0.07801381984271
654,2014,December,3 Southern Metro, Glen Eira,4332,3014.7396551,0.030147396551000002
655,2014,December,3 Southern Metro, Greater Dandenong,12059,7926.512636803,0.07926512636803
656,2014,December,3 Southern Metro, Kingston,7171,4650.152389599,0.04650152389599
657,2014,December,3 Southern Metro, Mornington Peninsula,7681,4907.987220447,0.04907987220447
658,2014,December,3 Southern Metro, Port Phillip,9079,8692.11400561,0.0869211400561
659,2014,December,3 Southern Metro, Stonnington,7159,6760.534119025,0.06760534119025
660,2014,December,3 Southern Metro,Total,78124,5467.541111187,0.05467541111187
661,2014,December,4 Western, Ararat,797,6894.46366782,0.0689446366782
662,2014,December,4 Western, Ballarat,7533,7539.483956202,0.07539483956201999
663,2014,December,4 Western, Buloke,180,2841.35753749,0.0284135753749
664,2014,December,4 Western, Campaspe,2330,6240.291392147,0.06240291392147
665,2014,December,4 Western, Central Goldfields,805,6248.059608817,0.06248059608817
666,2014,December,4 Western, Colac-Otway,1099,5200.889688136,0.05200889688136
667,2014,December,4 Western, Corangamite,474,2900.856793146,0.029008567931460002
668,2014,December,4 Western, Gannawarra,427,4053.540915132,0.04053540915132
669,2014,December,4 Western, Glenelg,1400,7086.813464946,0.07086813464946
670,2014,December,4 Western, Golden Plains,467,2234.556677353,0.022345566773529998
671,2014,December,4 Western, Greater Bendigo,6182,5726.460099115,0.05726460099115
672,2014,December,4 Western, Greater Geelong,15071,6617.517914852,0.06617517914852
673,2014,December,4 Western, Hepburn,494,3253.424657534,0.03253424657534
674,2014,December,4 Western, Hindmarsh,147,2515.400410678,0.02515400410678
675,2014,December,4 Western, Horsham,1577,7985.61879684,0.0798561879684
676,2014,December,4 Western, Loddon,237,3154.532144283,0.03154532144283
677,2014,December,4 Western, Macedon Ranges,1475,3243.825735084,0.03243825735084
678,2014,December,4 Western, Mildura,4658,8668.142992724,0.08668142992724001
679,2014,December,4 Western, Moorabool,1455,4683.576900792,0.04683576900792
680,2014,December,4 Western, Mount Alexander,671,3626.830982109,0.03626830982109
681,2014,December,4 Western, Moyne,470,2846.414728682,0.028464147286819997
682,2014,December,4 Western, Northern Grampians,697,5918.315360448,0.05918315360448
683,2014,December,4 Western, Pyrenees,346,4909.890733646,0.049098907336459996
684,2014,December,4 Western, Queenscliffe,102,3434.343434343,0.03434343434343
685,2014,December,4 Western, Southern Grampians,706,4343.27899108,0.043432789910800004
686,2014,December,4 Western, Surf Coast,982,3400.983583847,0.03400983583847
687,2014,December,4 Western, Swan Hill,1629,7779.369627507,0.07779369627506999
688,2014,December,4 Western, Warrnambool,1986,5888.108156186,0.05888108156186
689,2014,December,4 Western, West Wimmera,99,2451.708766716,0.024517087667159997
690,2014,December,4 Western, Yarriambiack,189,2729.636048527,0.027296360485270003
691,2014,December,4 Western,Total,54685,5826.733395914,0.058267333959139994
696,2013,December,1 North West Metro, Banyule,6430,5172.386054668,0.051723860546679996
697,2013,December,1 North West Metro, Brimbank,15273,7785.633815741,0.07785633815741
698,2013,December,1 North West Metro, Darebin,10016,6801.021239611,0.06801021239611
699,2013,December,1 North West Metro, Hobsons Bay,5446,6106.202628156,0.06106202628156
700,2013,December,1 North West Metro, Hume,12030,6507.169786827,0.06507169786827001
701,2013,December,1 North West Metro, Maribyrnong,6956,8718.758617232,0.08718758617232
702,2013,December,1 North West Metro, Melbourne,24624,20742.812376275,0.20742812376275
703,2013,December,1 North West Metro, Melton,6827,5508.488252001,0.055084882520009995
704,2013,December,1 North West Metro, Moonee Valley,6248,5411.210420564,0.05411210420564
705,2013,December,1 North West Metro, Moreland,9243,5766.71117156,0.0576671117156
706,2013,December,1 North West Metro, Nillumbik,1600,2532.687498021,0.02532687498021
707,2013,December,1 North West Metro, Whittlesea,9988,5571.422196439,0.05571422196439
708,2013,December,1 North West Metro, Wyndham,9941,5226.30131801,0.052263013180099994
709,2013,December,1 North West Metro, Yarra,9203,10960.910888259,0.10960910888259001
710,2013,December,1 North West Metro,Total,133825,7208.029688518,0.07208029688518
711,2013,December,2 Eastern, Alpine,363,2955.304078808,0.029553040788080003
712,2013,December,2 Eastern, Bass Coast,1970,6287.702275701,0.06287702275701
713,2013,December,2 Eastern, Baw Baw,2215,4854.581716966,0.048545817169660006
714,2013,December,2 Eastern, Benalla,854,6153.624441562,0.06153624441562
715,2013,December,2 Eastern, Boroondara,5965,3498.841540311,0.03498841540311
716,2013,December,2 Eastern, East Gippsland,3071,7009.975119268,0.07009975119268
717,2013,December,2 Eastern, Greater Shepparton,5116,8089.3049143,0.080893049143
718,2013,December,2 Eastern, Indigo,355,2274.911887216,0.022749118872160003
719,2013,December,2 Eastern, Knox,6922,4427.331512597,0.044273315125970006
720,2013,December,2 Eastern, Latrobe,7618,10277.373050564,0.10277373050564
721,2013,December,2 Eastern, Manningham,3112,2629.333288272,0.02629333288272
722,2013,December,2 Eastern, Mansfield,293,3540.357660706,0.03540357660706
723,2013,December,2 Eastern, Maroondah,5497,5007.241690274,0.050072416902739995
724,2013,December,2 Eastern, Mitchell,1991,5268.868423838,0.05268868423838
725,2013,December,2 Eastern, Moira,1177,4071.959868535,0.04071959868535
726,2013,December,2 Eastern, Monash,6821,3722.135821669,0.03722135821669
727,2013,December,2 Eastern, Murrindindi,535,3944.555039446,0.03944555039446
728,2013,December,2 Eastern, South Gippsland,895,3165.564319315,0.03165564319315
729,2013,December,2 Eastern, Strathbogie,373,3780.277693321,0.03780277693321
730,2013,December,2 Eastern, Towong,213,3573.225968797,0.03573225968797
731,2013,December,2 Eastern, Wangaratta,1679,6072.332730561,0.06072332730561
732,2013,December,2 Eastern, Wellington,2798,6549.472156551,0.06549472156551
733,2013,December,2 Eastern, Whitehorse,5801,3579.074660201,0.035790746602009996
734,2013,December,2 Eastern, Wodonga,2235,5948.103792415,0.05948103792414999
735,2013,December,2 Eastern, Yarra Ranges,5053,3348.530834581,0.03348530834581
736,2013,December,2 Eastern,Total,72922,4581.425505501,0.04581425505501
737,2013,December,3 Southern Metro, Bayside,3488,3550.054960713,0.03550054960713
738,2013,December,3 Southern Metro, Cardinia,4344,5135.298081356,0.05135298081356
739,2013,December,3 Southern Metro, Casey,12056,4336.331886211,0.04336331886211
740,2013,December,3 Southern Metro, Frankston,10781,8024.502980998,0.08024502980998
741,2013,December,3 Southern Metro, Glen Eira,4740,3355.51465383,0.0335551465383
742,2013,December,3 Southern Metro, Greater Dandenong,12484,8406.620786252,0.08406620786252
743,2013,December,3 Southern Metro, Kingston,7329,4811.075517278,0.04811075517278
744,2013,December,3 Southern Metro, Mornington Peninsula,7517,4881.137135473,0.04881137135473
745,2013,December,3 Southern Metro, Port Phillip,8779,8593.719409531,0.08593719409531
746,2013,December,3 Southern Metro, Stonnington,7444,7193.174021858,0.07193174021858
747,2013,December,3 Southern Metro,Total,78962,5652.420722441,0.056524207224410004
748,2013,December,4 Western, Ararat,874,7606.614447346,0.07606614447346
749,2013,December,4 Western, Ballarat,8108,8244.52940698,0.0824452940698
750,2013,December,4 Western, Buloke,187,2927.363807138,0.02927363807138
751,2013,December,4 Western, Campaspe,2100,5643.189208072,0.05643189208072
752,2013,December,4 Western, Central Goldfields,811,6328.521264144,0.06328521264144
753,2013,December,4 Western, Colac-Otway,1021,4853.815070121,0.048538150701209995
754,2013,December,4 Western, Corangamite,456,2778.793418647,0.027787934186470003
755,2013,December,4 Western, Gannawarra,413,3923.617708531,0.03923617708531
756,2013,December,4 Western, Glenelg,1184,5980.704147093,0.05980704147093
757,2013,December,4 Western, Golden Plains,402,1974.265789215,0.01974265789215
758,2013,December,4 Western, Greater Bendigo,6053,5712.694772408,0.05712694772408
759,2013,December,4 Western, Greater Geelong,13553,6067.864450185,0.06067864450185
760,2013,December,4 Western, Hepburn,524,3488.217281321,0.03488217281321
761,2013,December,4 Western, Hindmarsh,184,3144.224196856,0.03144224196856
762,2013,December,4 Western, Horsham,1347,6839.646592871,0.06839646592871
763,2013,December,4 Western, Loddon,264,3511.572226656,0.03511572226656
764,2013,December,4 Western, Macedon Ranges,1389,3114.698957282,0.03114698957282
765,2013,December,4 Western, Mildura,4535,8531.492211604,0.08531492211604
766,2013,December,4 Western, Moorabool,1502,4939.164748438,0.04939164748438
767,2013,December,4 Western, Mount Alexander,624,3419.740231271,0.03419740231271
768,2013,December,4 Western, Moyne,435,2647.43472704,0.0264743472704
769,2013,December,4 Western, Northern Grampians,683,5749.158249158,0.057491582491580005
770,2013,December,4 Western, Pyrenees,316,4554.626693572,0.045546266935719996
771,2013,December,4 Western, Queenscliffe,73,2431.712191872,0.02431712191872
772,2013,December,4 Western, Southern Grampians,883,5398.960562519,0.05398960562519
773,2013,December,4 Western, Surf Coast,983,3482.357942468,0.03482357942468
774,2013,December,4 Western, Swan Hill,1437,6841.879731467,0.06841879731467
775,2013,December,4 Western, Warrnambool,1910,5714.627651617,0.05714627651617
776,2013,December,4 Western, West Wimmera,121,2934.044616877,0.02934044616877
777,2013,December,4 Western, Yarriambiack,215,3057.451649602,0.030574516496020002
778,2013,December,4 Western,Total,52587,5675.23990831,0.0567523990831
783,2012,December,1 North West Metro, Banyule,5814,4704.492490937,0.047044924909370005
784,2012,December,1 North West Metro, Brimbank,15481,7989.203917966,0.07989203917966
785,2012,December,1 North West Metro, Darebin,9672,6670.988923068,0.06670988923068
786,2012,December,1 North West Metro, Hobsons Bay,5850,6622.216687986,0.06622216687986
787,2012,December,1 North West Metro, Hume,11987,6689.099452015,0.06689099452015
788,2012,December,1 North West Metro, Maribyrnong,7474,9683.981393902,0.09683981393902001
789,2012,December,1 North West Metro, Melbourne,24747,23003.774005838,0.23003774005838
790,2012,December,1 North West Metro, Melton,6926,5853.172087992,0.05853172087992
791,2012,December,1 North West Metro, Moonee Valley,6962,6124.585433656,0.06124585433656
792,2012,December,1 North West Metro, Moreland,9812,6250.995432161,0.06250995432161001
793,2012,December,1 North West Metro, Nillumbik,1454,2310.320171606,0.023103201716059996
794,2012,December,1 North West Metro, Whittlesea,9849,5793.767978681,0.057937679786810005
795,2012,December,1 North West Metro, Wyndham,11065,6177.043616125,0.06177043616125
796,2012,December,1 North West Metro, Yarra,9199,11319.338485013,0.11319338485013
797,2012,December,1 North West Metro,Total,136292,7584.680161475,0.07584680161475
798,2012,December,2 Eastern, Alpine,318,2610.194533366,0.02610194533366
799,2012,December,2 Eastern, Bass Coast,1848,5997.85790789,0.0599785790789
800,2012,December,2 Eastern, Baw Baw,2133,4792.612232059,0.04792612232059
801,2012,December,2 Eastern, Benalla,728,5256.697234457,0.05256697234457
802,2012,December,2 Eastern, Boroondara,5918,3512.520551035,0.035125205510350005
803,2012,December,2 Eastern, East Gippsland,2667,6155.230907706,0.06155230907706
804,2012,December,2 Eastern, Greater Shepparton,4824,7710.750935072,0.07710750935072
805,2012,December,2 Eastern, Indigo,383,2478.322764333,0.024783227643330002
806,2012,December,2 Eastern, Knox,6852,4409.096173893,0.04409096173893
807,2012,December,2 Eastern, Latrobe,7456,10075.131073996,0.10075131073996
808,2012,December,2 Eastern, Manningham,2924,2489.782016349,0.02489782016349
809,2012,December,2 Eastern, Mansfield,254,3136.964307768,0.03136964307768
810,2012,December,2 Eastern, Maroondah,5219,4813.066012505,0.04813066012505
811,2012,December,2 Eastern, Mitchell,1961,5389.73175022,0.053897317502200004
812,2012,December,2 Eastern, Moira,1058,3689.62510898,0.0368962510898
813,2012,December,2 Eastern, Monash,6526,3619.282133191,0.03619282133191
814,2012,December,2 Eastern, Murrindindi,457,3396.254458977,0.03396254458977
815,2012,December,2 Eastern, South Gippsland,935,3348.134355081,0.03348134355081
816,2012,December,2 Eastern, Strathbogie,379,3889.573070608,0.038895730706079996
817,2012,December,2 Eastern, Towong,196,3299.663299663,0.03299663299663
818,2012,December,2 Eastern, Wangaratta,1737,6330.636343757,0.06330636343757
819,2012,December,2 Eastern, Wellington,2862,6742.843680057,0.06742843680057
820,2012,December,2 Eastern, Whitehorse,5583,3496.783810699,0.03496783810699
821,2012,December,2 Eastern, Wodonga,2603,7081.451656782,0.07081451656782001
822,2012,December,2 Eastern, Yarra Ranges,5216,3480.488976672,0.03480488976672
823,2012,December,2 Eastern,Total,71037,4515.558166011,0.04515558166011
824,2012,December,3 Southern Metro, Bayside,3504,3613.451444246,0.03613451444246
825,2012,December,3 Southern Metro, Cardinia,3819,4748.700604312,0.04748700604312
826,2012,December,3 Southern Metro, Casey,11798,4381.964046947,0.04381964046947
827,2012,December,3 Southern Metro, Frankston,10534,7968.591615353,0.07968591615353
828,2012,December,3 Southern Metro, Glen Eira,4619,3320.250726013,0.03320250726013
829,2012,December,3 Southern Metro, Greater Dandenong,11781,8118.332919871,0.08118332919870999
830,2012,December,3 Southern Metro, Kingston,7481,4972.911888856,0.04972911888856
831,2012,December,3 Southern Metro, Mornington Peninsula,7355,4848.384970336,0.048483849703360005
832,2012,December,3 Southern Metro, Port Phillip,8837,8846.465718319,0.08846465718318999
833,2012,December,3 Southern Metro, Stonnington,7291,7189.626269599,0.07189626269599
834,2012,December,3 Southern Metro,Total,77019,5636.236303483,0.05636236303483
835,2012,December,4 Western, Ararat,934,8192.98245614,0.0819298245614
836,2012,December,4 Western, Ballarat,8179,8455.669506244,0.08455669506244
837,2012,December,4 Western, Buloke,236,3668.013677339,0.03668013677339
838,2012,December,4 Western, Campaspe,2233,6028.45495532,0.060284549553200006
839,2012,December,4 Western, Central Goldfields,771,6064.181217555,0.06064181217555
840,2012,December,4 Western, Colac-Otway,1183,5659.745478902,0.05659745478902
841,2012,December,4 Western, Corangamite,543,3296.903460838,0.03296903460838
842,2012,December,4 Western, Gannawarra,423,4029.338921699,0.04029338921699
843,2012,December,4 Western, Glenelg,1093,5513.240857503,0.055132408575030004
844,2012,December,4 Western, Golden Plains,376,1917.975923281,0.019179759232809998
845,2012,December,4 Western, Greater Bendigo,5647,5434.772147635,0.054347721476349996
846,2012,December,4 Western, Greater Geelong,13449,6136.836533547,0.06136836533547
847,2012,December,4 Western, Hepburn,555,3743.676222597,0.03743676222597
848,2012,December,4 Western, Hindmarsh,199,3397.643844972,0.03397643844972
849,2012,December,4 Western, Horsham,1416,7221.542227662,0.07221542227662
850,2012,December,4 Western, Loddon,333,4422.898127241,0.04422898127241
851,2012,December,4 Western, Macedon Ranges,1319,3011.828104307,0.030118281043070003
852,2012,December,4 Western, Mildura,4595,8756.550738447,0.08756550738447
853,2012,December,4 Western, Moorabool,1352,4604.434151824,0.046044341518239995
854,2012,December,4 Western, Mount Alexander,634,3511.881681715,0.03511881681715
855,2012,December,4 Western, Moyne,537,3293.670264966,0.03293670264966
856,2012,December,4 Western, Northern Grampians,654,5463.65914787,0.0546365914787
857,2012,December,4 Western, Pyrenees,248,3615.160349854,0.03615160349854
858,2012,December,4 Western, Queenscliffe,111,3631.010794897,0.03631010794897
859,2012,December,4 Western, Southern Grampians,800,4859.972055161,0.04859972055161
860,2012,December,4 Western, Surf Coast,1175,4268.07119506,0.0426807119506
861,2012,December,4 Western, Swan Hill,1381,6585.284440418,0.06585284440418
862,2012,December,4 Western, Warrnambool,1827,5526.482954717,0.055264829547170005
863,2012,December,4 Western, West Wimmera,133,3156.146179402,0.03156146179402
864,2012,December,4 Western, Yarriambiack,274,3861.874559549,0.03861874559549
865,2012,December,4 Western,Total,52610,5757.920012958,0.057579200129580003
