,SA2,2005_income,2006_income,2007_income,2008_income,2009_income
0,101011001,35597,37283,37506,40014,41372
1,101011002,32376,33798,35309,36659,38972
2,101011003,41660,42022,45182,47363,50652
3,101011004,40494,41664,44175,46750,49955
4,101011005,30521,31174,32134,36183,36754
5,101011006,29008,28913,31978,33393,34320
6,101021007,32475,33346,35671,36390,37950
7,101021008,43734,46640,48238,51202,53737
8,101021009,43738,46632,48233,51197,53735
9,101021010,43743,46642,48227,51192,53735
10,101021011,44572,47957,49513,52220,54555
11,101021012,52561,55592,58593,62265,64728
12,101031013,32089,34067,37392,35439,36226
13,101031014,34449,35881,36552,38044,39339
14,101031015,32740,35035,36330,37095,38885
15,101031016,34947,37224,37169,38758,41031
16,101041017,30148,32262,31869,32856,35156
17,101041018,30144,32260,31868,32857,35157
18,101041019,31762,32858,33413,34597,35263
19,101041020,31657,32976,33281,34712,35413
20,101041021,30824,32392,32385,33790,35694
21,101041022,30353,30971,31826,32838,33513
22,101041023,31911,34527,33976,35665,36114
23,101041024,29513,30864,31596,32378,33584
24,101041025,31754,34391,32384,34399,36098
25,101041026,30822,32392,32376,33803,35689
26,101041027,27656,29433,28327,31448,30776
27,102011028,38612,40807,40512,43512,44532
28,102011029,37198,38805,38669,40966,42254
29,102011030,40024,41786,42088,43602,45602
30,102011031,39405,41294,41613,43693,44869
31,102011032,39790,41259,42250,43408,44669
32,102011033,39795,41259,42245,43407,44662
33,102011034,38612,40808,40513,43507,44533
34,102011035,39795,41263,42250,43413,44664
35,102011036,39792,41265,42255,43413,44668
36,102011037,39544,40971,41867,43136,44389
37,102011038,38616,40799,40507,43506,44536
38,102011039,43405,46658,46213,48382,50269
39,102011040,36064,37188,37197,38921,40397
40,102011041,43161,46371,45953,48108,49989
41,102011042,37626,38788,38906,41081,42267
42,102011043,39792,41258,42251,43409,44665
43,102021044,34222,36094,36858,38811,40466
44,102021045,32553,34234,35160,37257,39015
45,102021046,32550,34233,35153,37255,39021
46,102021047,34217,36089,36852,38807,40463
47,102021048,33734,35063,35794,37680,38803
48,102021049,35763,37147,37933,40093,41383
49,102021050,35649,37028,37829,39991,41308
50,102021051,41386,42626,43415,43173,47137
51,102021052,35781,37143,37940,40101,41400
52,102021053,34218,36092,36853,38809,40463
53,102021054,32614,33892,34559,36262,37258
54,102021055,36186,37532,38337,40317,41801
55,102021056,35759,37126,37926,40078,41382
56,102021057,35773,37140,37938,40091,41396
57,103011058,37957,39699,40181,42191,44216
58,103011059,37954,39702,40180,42191,44215
59,103011060,37803,39522,40080,42106,44126
60,103011061,35354,37046,39610,40383,41927
61,103021062,25628,23970,25011,27646,29070
62,103021063,30800,31185,32798,34191,35134
63,103021064,28243,27293,30451,33357,33805
64,103021065,30636,31015,30107,33871,34102
65,103021066,26904,21999,23228,33131,30023
66,103021067,33270,34007,36254,39457,39476
67,103021068,27034,23635,28353,31093,29849
68,103021069,29174,27261,23788,30452,31454
69,103031070,38969,41030,42121,46309,48117
70,103031071,39737,41093,42334,46830,48473
71,103031072,32746,35245,36975,39853,41403
72,103031073,33591,35126,36823,39792,39478
73,103031074,31736,33877,35844,38767,39718
74,103031075,-,-,-,-,-
75,103041076,34164,33928,37171,39988,43052
76,103041077,39419,40758,42451,45062,46790
77,103041078,39417,40757,42454,45063,46790
78,103041079,35577,35891,38467,41084,42389
79,104011080,31146,32199,32395,34123,34534
80,104011081,30122,31363,31628,33134,33662
81,104011082,27587,29752,28636,29864,32161
82,104021083,28149,30562,30706,31978,33665
83,104021084,32442,34604,34779,36908,38710
84,104021085,32444,34607,34778,36905,38713
85,104021086,32440,34607,34773,36907,38710
86,104021087,27889,28535,28515,29009,29664
87,104021088,31537,33919,33579,35651,37231
88,104021089,29646,31115,31567,33560,35285
89,104021090,28639,30660,30059,31747,32899
90,104021091,29041,32039,30349,32327,33240
91,105011092,31224,30594,34534,37753,39090
92,105011093,41257,42711,46525,48538,48357
93,105011094,30187,31422,30007,38802,38721
94,105011095,30627,29887,31519,37188,37960
95,105011096,29611,26778,25196,35108,36800
96,105021097,35026,37213,39749,40169,40881
97,105021098,30467,33945,38440,37783,39463
98,105031099,30028,29541,30297,32188,31608
99,105031100,37017,38373,39187,41445,43129
100,105031101,37016,38376,39188,41445,43131
101,105031102,37017,38371,39185,41449,43127
102,105031103,34457,35180,36655,38960,40814
103,105031104,29611,28315,31361,35690,36239
104,105031105,29848,28230,34196,35079,32994
105,105031106,28688,28690,31706,34064,34670
106,106011107,42311,44650,45812,48854,51323
107,106011108,37018,39197,40646,42842,44366
108,106011109,37702,39888,41282,43417,45046
109,106011110,36085,37832,37647,39906,41696
110,106011111,35779,37733,38585,41223,42834
111,106011112,47249,50620,50286,56330,58507
112,106011113,46942,50235,50004,55806,58022
113,106021114,42392,44446,45415,48590,50682
114,106021115,39818,41947,43113,45467,47408
115,106021116,42452,44327,45780,48632,50967
116,106021117,42384,44287,45650,48571,50858
117,106021118,38102,40979,42139,43924,46041
118,106031119,34263,35083,36282,38347,40071
119,106031120,33318,34242,34995,37333,39224
120,106031121,35470,38743,36304,38574,40523
121,106031122,35102,36690,37123,39772,40761
122,106031123,38883,40808,41261,44417,45958
123,106031124,35029,36579,37006,39677,40640
124,106031125,37409,39017,40048,43040,45023
125,106041126,44497,46669,47545,51757,54312
126,106041127,44505,42359,44475,48892,50204
127,106041128,45585,47134,49649,49991,49100
128,106041129,38649,39023,41590,43622,44244
129,107011130,35916,37320,38082,40294,40582
130,107011131,38753,40370,41024,45776,43885
131,107011132,38880,40506,41155,45852,44030
132,107011133,36226,38629,41489,42462,42584
133,107011134,43342,45129,45834,48635,49306
134,107021135,38981,41324,37766,45545,45931
135,107031136,39587,41187,42137,44610,44723
136,107031137,39583,41180,42135,44614,44728
137,107031138,40650,43517,42636,45263,45998
138,107031139,40656,43521,42636,45270,45998
139,107031140,39330,42111,41700,42138,44640
140,107031141,39778,41521,42500,45331,46368
141,107031142,39941,41725,42699,45562,46620
142,107031143,36426,37278,38189,40367,40708
143,107041144,41862,44447,44659,46531,47223
144,107041145,38644,41077,42088,44482,45125
145,107041146,42524,44031,44500,47038,47796
146,107041147,45039,46413,48538,51232,52850
147,107041148,48008,50490,52556,56753,57142
148,107041149,41447,43240,43620,46131,46674
149,107041150,42415,43983,45064,48682,49963
150,108011151,30418,31776,32182,33942,35396
151,108011152,30882,32383,31237,32162,34163
152,108011153,29899,31039,30356,31838,33361
153,108011154,30878,32379,31236,32161,34165
154,108021155,29249,29966,30888,32314,33177
155,108021156,28959,29848,30741,32151,32871
156,108021157,27583,29290,29219,30961,31507
157,108021158,26468,29270,28679,30718,32117
158,108021159,26430,28533,28044,29764,30388
159,108021160,27577,29791,27945,30297,32612
160,108031161,36510,39584,40236,39368,41845
161,108041162,28707,30895,30390,32430,33083
162,108041163,33363,35400,35130,37041,39386
163,108041164,33362,35398,35129,37039,39387
164,108041165,30099,31303,31822,33494,34956
165,108041166,30450,31121,31903,33503,35250
166,108051167,31098,30914,30542,32978,32963
167,108051168,31925,32924,32893,35397,36800
168,108051169,31923,32922,32894,35397,36798
169,108051170,28692,29412,29618,31944,32845
170,108051171,28277,29513,29657,31939,32481
171,109011172,40626,42386,42548,45075,45982
172,109011173,40384,42153,42304,44779,45715
173,109011174,40637,42407,42561,45094,45996
174,109011175,33309,31452,33285,34215,36190
175,109011176,34903,36557,36447,37603,38286
176,109021177,31589,32026,32512,32601,33050
177,109021178,29582,32452,34713,34897,36562
178,109021179,29033,32408,34231,31629,32389
179,109031180,33449,34063,33885,33599,36589
180,109031181,32118,32391,32588,33197,35003
181,109031182,30485,31197,31146,30933,32044
182,109031183,29808,30475,29959,28992,30484
183,109031184,32138,32430,33719,34573,35374
184,109031185,30962,30653,29269,28509,29116
185,110011186,35484,37638,37172,38963,40334
186,110011187,28990,31220,32738,31812,33075
187,110011188,32226,33138,34343,34643,34946
188,110011189,27517,29793,30022,29565,32146
189,110021190,27990,29697,29389,28975,30315
190,110021191,30531,31521,32354,33898,34495
191,110021192,25596,26935,27964,29269,28964
192,110021193,25009,26311,28181,28458,26338
193,110021194,25467,26848,27090,27582,28733
194,110031195,36611,41005,38111,44424,43520
195,110031196,36440,37681,30138,37891,33866
196,110031197,34889,35335,36118,40480,38595
197,110031198,38415,37499,37344,35902,34095
198,110041199,32138,34252,35512,38590,39749
199,110041200,29631,33114,39354,38918,36968
200,110041201,30807,34548,38943,38916,35386
201,110041202,35617,37072,37929,39737,40817
202,110041203,35617,37073,37931,39736,40814
203,110041204,35623,37070,37926,39734,40808
204,110041205,31097,32305,33614,35222,36129
205,111011206,41005,43210,43380,45833,48140
206,111011207,38480,40654,41151,43341,45465
207,111011208,39560,41494,42611,45142,46855
208,111011209,38507,40459,41666,44045,46252
209,111011210,36533,38076,38917,41575,43547
210,111011211,39543,41451,42600,45147,46847
211,111011212,35561,37651,38526,40353,42325
212,111011213,41776,43851,44045,46777,49129
213,111011214,40905,42951,43644,46329,48306
214,111021215,38052,40515,41134,43506,44796
215,111021216,34560,36493,36169,38640,39820
216,111021217,37377,39091,40481,42807,45092
217,111021218,34654,36471,36916,38988,40761
218,111021219,39555,42304,41263,44242,45837
219,111021220,39104,41841,40982,44209,45708
220,111021221,35614,37016,39385,42100,43881
221,111031222,40203,42494,42983,45331,47248
222,111031223,38082,41011,42251,43942,46114
223,111031224,43486,45604,46932,50714,52286
224,111031225,43203,45964,46436,49507,51892
225,111031226,37999,39826,41022,43258,45573
226,111031227,35469,37174,38454,40788,42955
227,111031228,51187,57205,55748,60165,62296
228,111031229,54932,56579,55051,59793,61295
229,111031230,40221,42201,43123,45176,49678
230,111031231,34937,36690,37839,39999,41511
231,111031232,36326,38606,39766,43193,46385
232,111031233,37996,39819,41021,43254,45568
233,111031234,35067,36433,37654,40641,42204
234,111031235,37829,40098,41375,43926,45702
235,112011236,33693,35859,35825,37468,39043
236,112011237,33704,35284,35200,37055,37808
237,112011238,32051,35339,34884,37570,41407
238,112011239,28256,30728,30612,31846,33083
239,112011240,33539,34531,34716,35118,38267
240,112011241,28446,30957,30888,32405,34773
241,112011242,33690,35856,35821,37464,39038
242,112011243,28573,33006,30119,30997,32466
243,112021244,28623,30540,30805,31914,32972
244,112021245,27155,28439,28049,29465,31172
245,112021246,31484,32607,33076,35105,36347
246,112021247,29292,29163,28921,29526,29615
247,112021248,31483,32606,33076,35103,36344
248,112021249,31384,32510,32955,34965,36210
249,112031250,34822,38734,39485,41224,44011
250,112031251,30312,33025,33419,34041,34989
251,112031252,30356,33067,33556,34082,35289
252,112031253,30972,33385,34296,35457,36968
253,112031254,30615,33212,32816,34871,35196
254,112031255,31552,33734,33922,35578,36413
255,113011256,35250,37934,38745,40021,38711
256,113011257,32634,36961,37693,39607,37921
257,113011258,33157,34515,34785,35518,35024
258,113011259,30617,29363,29730,31934,32571
259,113021260,33060,32227,35050,35683,36661
260,113021261,36478,37506,39516,42930,43274
261,113021262,34380,35489,37396,39886,39689
262,113031263,31946,32828,33930,36423,38055
263,113031264,30961,30884,33934,37989,37341
264,113031265,33062,34281,34704,36612,37976
265,113031266,28469,25665,24378,29255,29902
266,113031267,38070,39853,40756,43096,44078
267,113031268,37970,39848,40713,43211,44431
268,113031269,38279,40155,41027,43332,44324
269,113031270,38399,40337,41325,43627,44521
270,113031271,32010,31105,33118,36211,36655
271,114011272,38437,39561,39333,40323,41714
272,114011273,32766,34628,34173,36586,38478
273,114011274,32756,34622,34164,36586,38483
274,114011275,31952,31892,33333,35410,36369
275,114011276,32760,34624,34167,36588,38470
276,114011277,34141,35449,35754,38413,39158
277,114011278,33846,35270,35406,38009,38995
278,114011279,32758,34619,34164,36590,38472
279,114011280,32766,34617,34166,36591,38473
280,114011281,32767,34611,34170,36578,38465
281,114011282,29020,30270,29939,31691,32925
282,114011283,29190,30342,30139,31897,33243
283,114021284,48491,51748,50104,52240,51264
284,114021285,38908,40606,43260,43468,45227
285,114021286,38781,40489,43205,43343,45015
286,114021287,39865,40995,39979,42103,43442
287,114021288,41292,42784,41620,43758,44700
288,114021289,37630,40066,37457,39179,39961
289,115011290,46528,48235,48822,51371,53402
290,115011291,46511,48216,48806,51354,53384
291,115011292,51634,53704,53697,56954,59129
292,115011293,50271,52701,53217,55576,57535
293,115011294,59264,63841,63221,64025,66675
294,115011295,49777,51976,53059,55793,58059
295,115011296,58281,62631,61321,64190,66679
296,115021297,56008,60260,59146,61038,70651
297,115021298,52531,56056,55554,55691,59684
298,115031299,40460,42373,42176,44327,47126
299,115031300,40816,42473,42924,44897,46399
300,115041301,39831,41037,42018,44003,45336
301,115041302,48152,50383,51816,54378,56653
302,116011303,36420,37738,39042,40778,41550
303,116011304,38007,39445,40939,42778,43569
304,116011305,36422,37737,39043,40782,41553
305,116011306,37344,38600,40401,42605,43819
306,116011307,40311,42082,43214,44880,46061
307,116011308,39060,40594,41832,43592,44566
308,116021309,45122,47486,49372,51663,53521
309,116021310,46837,49114,50867,53358,55914
310,116021311,41310,42982,44910,47001,47904
311,116021312,39326,40879,42213,44509,45619
312,116031313,34132,35255,36395,38094,38854
313,116031314,37787,39068,41197,43170,44457
314,116031315,37788,39064,41196,43168,44454
315,116031316,34287,35427,36595,38328,39124
316,116031317,34111,35234,36369,38063,38821
317,116031318,39072,37108,41637,42574,43902
318,116031319,36972,38131,39389,41268,42357
319,117011320,45996,48266,47712,49206,49894
320,117011321,44431,45628,47884,50917,53024
321,117011322,38956,40749,42843,46325,47368
322,117011323,42828,45820,47413,51070,52453
323,117011325,22463,23983,27479,29168,30506
324,117021326,40692,42993,44996,46842,48694
325,117021327,50750,54246,55511,58102,59548
326,117021328,42236,44673,46189,49828,51004
327,117031329,54050,58950,59248,62070,63944
328,117031330,54685,58672,60686,63738,65374
329,117031331,56893,60710,61667,63295,65614
330,117031332,48940,52150,53212,56683,57095
331,117031333,69739,74650,73457,75458,76405
332,117031334,49746,53498,54511,58239,60533
333,117031335,46061,49199,50393,53403,53341
334,117031336,54046,58955,59252,62065,63943
335,117031337,34922,37150,37336,41430,40822
336,117031338,43713,46502,48946,51852,52742
337,118011339,59852,67566,70132,73652,77904
338,118011340,55062,61328,64893,68391,71695
339,118011341,62783,69916,69739,70439,72248
340,118011343,114507,140274,125299,129849,129116
341,118011344,100951,117234,114848,111319,115387
342,118011345,85834,97269,95273,94320,100337
343,118011346,100871,117207,114728,111152,115148
344,118011347,99381,119178,120036,114038,120199
345,118021348,58212,63793,65629,68402,69348
346,118021349,45006,47672,49364,52298,54950
347,118021350,41174,43269,44114,47732,49791
348,118021351,46114,50680,53067,56905,56875
349,118021352,58899,63934,65990,68084,70793
350,119011353,33588,34660,35960,37859,38452
351,119011354,36583,37685,38173,41057,41774
352,119011355,-,-,-,-,-
353,119011356,33599,34664,35966,37859,38455
354,119011357,31972,32970,34409,36600,37773
355,119011358,40284,41504,42787,44066,45303
356,119011359,42220,43476,44493,46981,49562
357,119011360,38709,39969,41701,43491,44478
358,119011361,34096,35616,36275,38670,39264
359,119021362,34941,36001,36673,38439,39433
360,119021363,31869,33242,33899,36155,37338
361,119021364,40509,42351,43546,46403,48019
362,119021365,29271,30003,31320,32961,33261
363,119021366,33107,34341,35528,37277,38203
364,119021367,33542,34741,35825,37803,38655
365,119031368,35075,36579,37439,40031,40385
366,119031369,46237,48883,49451,51922,52545
367,119031370,37253,38397,38756,41828,42291
368,119031371,44535,47036,47683,50210,50808
369,119031372,41212,43215,43047,45183,46264
370,119031373,41194,43189,43026,45163,46244
371,119031374,47368,50531,49992,53035,53629
372,119041375,38034,39019,40362,42790,44308
373,119041376,39168,41159,41888,43940,44965
374,119041377,38535,40754,41704,44133,45106
375,119041378,40520,41726,42481,44417,45745
376,119041379,39249,40997,41814,43396,44178
377,119041380,37797,39278,40109,42292,43060
378,119041381,36546,38158,39066,41381,41911
379,119041382,44648,47895,48743,50705,53488
380,120011383,51199,54564,55680,59513,61439
381,120011384,48907,50833,51147,53844,55074
382,120011385,64366,68571,68321,72548,71061
383,120011386,54872,58415,59928,63116,64706
384,120021387,84939,91678,90662,95330,98734
385,120021388,59961,63679,65945,68236,69915
386,120021389,64563,69888,72136,73433,75431
387,120031390,38976,40723,41743,43857,44201
388,120031391,39825,42169,41733,44504,45806
389,120031392,40941,43163,43390,45802,47863
390,120031393,39819,41603,43593,45622,46884
391,120031394,46653,48671,50510,53517,55094
392,120031395,52781,55715,57761,60833,63607
393,120031396,39337,40983,41195,43490,44099
394,120031397,46298,48550,47694,51709,52514
395,121011398,59194,63140,63834,65115,66989
396,121011399,63042,68199,67068,69020,69673
397,121011400,71882,78241,77417,79286,80725
398,121011401,71383,75350,77141,78698,79011
399,121011402,86871,96340,96726,97290,102791
400,121021403,45288,47242,48185,50921,52328
401,121021404,46715,49017,49447,51744,53363
402,121021405,47492,49921,50532,52922,53404
403,121021406,56104,59865,58803,61472,62921
404,121031407,86655,96715,92815,97343,94339
405,121031408,85962,97584,93439,96930,97633
406,121031409,81775,87443,85740,85999,87126
407,121031410,70717,79123,73631,75671,75143
408,121031411,72128,78405,75039,78295,81009
409,121031412,68782,74573,71230,75027,75880
410,121041413,80951,87600,87191,91231,88512
411,121041414,72529,77234,78924,82045,83078
412,121041415,114971,132099,132409,129720,126956
413,121041416,79228,88281,86696,87302,87321
414,121041417,77319,86460,85933,93780,97038
415,122011418,72092,79351,80552,81660,82054
416,122011419,64368,71693,72644,73523,80230
417,122021420,64492,72621,67998,74347,73744
418,122021421,60596,66731,65140,66283,67982
419,122021422,59848,67249,64350,67451,68560
420,122021423,49744,53395,53629,55570,57373
421,122031424,46411,49273,49996,51756,53872
422,122031425,44607,47612,48436,50276,52434
423,122031426,44539,47551,48380,50214,52379
424,122031427,54539,57970,57235,60268,61822
425,122031428,53766,56858,56253,57785,60026
426,122031429,53817,59395,62271,62814,64795
427,122031430,59437,63660,64095,65876,67103
428,122031431,51787,57016,56926,58341,59400
429,122031432,66856,74036,73197,71359,87676
430,123011433,43667,47210,47047,49849,50827
431,123011434,43361,45837,46935,49538,50889
432,123011435,43255,45352,46895,49426,50913
433,123021436,38072,39803,40825,42754,43887
434,123021437,38067,39801,40818,42747,43885
435,123021438,37015,38504,39852,41843,42995
436,123021440,41145,42047,43544,44989,45875
437,123021441,38041,39779,40808,42738,43877
438,123021442,36188,37568,38910,40676,41987
439,123021443,37010,38772,40272,42121,43420
440,123021444,38007,39795,40759,42705,43846
441,123031445,38710,40046,40989,43265,44911
442,123031446,41516,43851,44789,46612,48730
443,123031447,39848,41699,42701,44836,46593
444,123031448,43666,47207,47046,49854,50832
445,124011449,36290,38193,37621,40688,42656
446,124011450,45395,47234,47304,50493,52559
447,124011451,42980,46182,43410,45940,48525
448,124011452,36630,38086,37982,39830,41009
449,124011453,39075,41326,42212,44730,45684
450,124011454,42705,44590,45405,47633,49393
451,124011455,39440,42117,40495,42621,43513
452,124021456,27428,28736,-,-,-
453,124031457,37709,39276,40932,42997,44215
454,124031458,39841,41545,43028,45339,46982
455,124031459,40337,42026,43467,45481,46991
456,124031460,44441,45987,47722,50242,52018
457,124031461,40333,42022,43463,45479,46987
458,124031462,37712,39276,40932,42994,44218
459,124031463,45057,47255,48127,50079,52524
460,124031464,40314,42008,43446,45462,46970
461,124031465,39337,41637,42718,45183,46413
462,124041466,39286,41028,41976,44085,45744
463,124041467,40283,41243,42385,44110,45768
464,124041468,38881,40528,41707,43746,45467
465,124051469,39160,40791,42520,44571,45771
466,124051470,39175,40810,42528,44585,45782
467,124051471,35914,37149,38673,40759,41678
468,125011472,28937,29628,30678,32087,32634
469,125011473,49367,52585,52356,55803,56407
470,125011474,33748,34812,35424,37421,38888
471,125011475,21682,23353,-,-,-
472,125021476,46133,48252,47128,49392,50537
473,125021477,39618,41468,43161,45251,46134
474,125021478,41685,43671,44685,46940,47553
475,125031479,34634,35843,36931,38410,39231
476,125031480,32681,33301,34518,36252,36791
477,125031481,33424,34494,35648,37429,38607
478,125031482,39126,40876,42319,44768,45363
479,125031483,33818,34423,35432,37327,38040
480,125031484,34156,34920,36308,38044,38457
481,125031485,34996,36334,37983,39697,40399
482,125031486,30656,31396,34655,-,-
483,125031487,-,-,-,-,-
484,125041488,39128,40880,42321,44768,45366
485,125041489,39861,41590,42310,44199,44800
486,125041490,43604,45930,46070,47786,48513
487,125041491,41912,44064,44852,47226,48493
488,125041492,33901,35046,36582,38700,39004
489,125041493,39443,41049,42388,44630,45486
490,125041494,46510,48219,48808,51355,53386
491,126011495,49122,51849,51244,53543,54631
492,126011496,58602,61898,60648,63146,65544
493,126021497,43420,44985,45164,47633,48808
494,126021498,60482,64899,65035,66955,68112
495,126021499,110865,113631,106607,119972,123869
496,126021500,43150,45070,45374,48063,49200
497,126021501,44080,47085,48520,51401,53025
498,126021502,46301,48914,50180,50819,53802
499,126021503,44327,45513,46420,49068,50197
500,127011504,34125,35385,37097,39013,39683
501,127011505,38136,40041,42353,43280,44915
502,127011506,38998,41461,42230,43957,44400
503,127011507,35829,37384,39004,40945,41907
504,127011508,38962,41190,42899,44909,46730
505,127021509,33997,35382,36812,39083,40292
506,127021510,35729,37477,39037,41252,44154
507,127021511,30916,32181,33226,35147,36319
508,127021512,34550,36017,37382,39345,40618
509,127021513,30913,32184,33227,35149,36319
510,127021514,35729,37475,39037,41257,44170
511,127021515,32550,33440,34638,36347,37197
512,127021516,32553,33439,34639,36347,37198
513,127021517,35721,37479,39038,41251,44171
514,127021518,38065,42091,41764,45307,46289
515,127021519,36310,37427,39335,41128,41264
516,127021520,35716,37469,39020,41238,44147
517,127021521,35016,39121,39583,42761,41092
518,127031522,36970,38589,40182,42187,43499
519,127031523,36968,38585,40186,42188,43498
520,127031524,42538,44401,46246,49010,51206
521,127031525,36970,38588,40185,42187,43501
522,127031526,36920,38449,40016,42038,43274
523,128011527,51221,54048,53671,56192,58114
524,128011528,51823,56514,56196,60136,61383
525,128011529,47347,49750,50341,53276,54950
526,128011530,44812,46868,47457,49746,51193
527,128011531,51501,54200,52794,55942,57390
528,128021532,44556,46195,46908,48773,50137
529,128021533,44405,45993,46730,48530,49971
530,128021534,47670,50020,50676,54041,55681
531,128021535,47574,49904,50559,53882,55493
532,128021536,49647,52517,52635,54744,56430
533,128021537,42677,43966,47123,46584,51924
534,128021538,45307,47200,47797,50019,50999
535,199999999,47294,51491,42894,50251,51108
536,201011001,36768,38604,39326,42024,43672
537,201011002,36495,38269,38960,41616,43323
538,201011003,36910,38758,39424,42222,43918
539,201011004,35005,36484,37339,39713,40968
540,201011005,38861,39919,40464,43132,45539
541,201011006,31588,32640,34074,35549,36101
542,201011007,31262,32787,35425,36688,36384
543,201011008,33373,34704,35914,36989,38227
544,201021009,36401,36976,39087,40873,42980
545,201021010,31552,33258,34646,38207,37011
546,201021011,31163,32399,33303,35453,36977
547,201021012,35038,36404,37776,39645,40338
548,201031013,28481,29091,29975,30795,31530
549,201031014,28914,29322,31996,32817,33782
550,201031015,32036,33400,36292,36981,37014
551,201031016,28545,29889,30363,31594,32034
552,201031017,27249,28012,28360,28927,29186
553,202011018,35593,37050,37155,39934,41646
554,202011019,30099,31001,32101,34432,35405
555,202011020,35592,37051,37161,39941,41649
556,202011021,35592,37051,37158,39934,41649
557,202011022,31737,33073,33553,35340,36355
558,202011023,35855,37372,38553,41119,43371
559,202011024,35867,37389,38582,41128,43398
560,202011025,35752,37249,38094,40728,42853
561,202021026,34135,36098,37165,39558,40958
562,202021027,32230,34680,33881,35458,36760
563,202021028,30519,32201,32439,34371,35755
564,202021029,29969,30948,32145,33160,33979
565,202021030,35758,38014,37939,41468,41092
566,202021031,41104,43742,53531,48689,50960
567,202031032,30504,30897,33712,34907,35610
568,202031033,25519,26330,31121,27635,27521
569,203011034,39120,41060,41898,43003,44476
570,203011035,34930,36405,38310,38629,38529
571,203011036,35034,37523,39231,40507,41228
572,203021037,37424,39412,39614,42418,43877
573,203021038,33060,34270,35343,36996,37816
574,203021039,41839,44247,44621,47591,48528
575,203021040,37623,39295,40048,42796,44381
576,203021041,37423,39414,39614,42415,43877
577,203021042,37526,39503,39905,42521,43925
578,203021043,39809,42023,42704,45128,46843
579,203021044,37353,37840,39478,41534,42218
580,203021045,34655,36249,37298,39600,40290
581,203021046,48623,51972,51750,55117,56512
582,203021047,36676,37894,38240,40671,42836
583,203031048,35886,37548,38211,39200,40636
584,203031049,35153,37456,35748,38374,39035
585,203031050,38085,40751,40756,43450,45409
586,203031051,32299,34878,34920,35588,37263
587,203031052,38336,41308,42063,45238,44451
588,203031053,39889,42580,43070,46598,48553
589,204011054,30221,30872,30859,32536,34250
590,204011055,29054,28368,29826,31240,32400
591,204011056,37077,38342,39230,40767,42145
592,204011057,31757,30933,32231,32556,34042
593,204011058,31336,33256,34275,35210,36783
594,204011059,32439,33180,34972,37249,37752
595,204011060,33452,35500,35329,38523,37779
596,204011061,30712,32457,33275,35354,37173
597,204011062,32826,33605,33940,34706,36065
598,204021063,32052,33056,33427,36254,37160
599,204021064,29073,28030,30247,31469,30928
600,204021065,34880,35323,36666,37288,38827
601,204021066,33134,34027,34553,37123,37674
602,204021067,31814,31346,32569,34002,34823
603,204031068,32983,34473,33765,35781,36705
604,204031069,30380,32243,32797,34280,34586
605,204031070,34396,35737,36477,38615,40278
606,204031071,31007,31994,32134,34450,34546
607,204031072,31003,30077,33975,34085,33983
608,204031073,35983,37250,38080,40081,41385
609,204031074,36145,37402,38497,40402,41676
610,204031075,36549,37900,39681,40821,41749
611,205011076,33009,33837,35536,36727,36799
612,205011077,33530,35007,36286,37156,38259
613,205011078,35417,36892,39515,40468,41177
614,205011079,36331,38121,38542,40764,41639
615,205021081,31956,33740,34361,35816,36591
616,205021082,29660,31211,32064,33665,34834
617,205021084,29668,31565,32888,34012,34946
618,205021085,29350,30710,31889,32975,33553
619,205021086,32167,33842,31617,34187,34994
620,205031087,30593,30021,33599,33449,32199
621,205031088,22613,22203,24317,22677,24585
622,205031089,32304,31857,34911,35235,35429
623,205031090,32623,33815,36248,36431,36597
624,205031091,30926,33508,31692,33528,35646
625,205031092,30995,32775,35350,34887,33013
626,205031093,30707,31653,32291,33641,35620
627,205041094,36618,38877,39995,41252,42355
628,205041095,35200,36782,38284,40137,41630
629,205041096,36127,38099,39331,40726,41754
630,205041097,40809,43719,45358,47159,48344
631,205041098,38933,41188,43582,44601,46416
632,205051099,34443,33788,36308,35930,37435
633,205051100,33240,34317,37004,38328,39700
634,205051101,35032,35173,37412,37955,38238
635,205051102,35278,34820,38834,37439,38513
636,205051103,37524,38911,40222,43328,45036
637,205051104,32446,31620,35994,34097,33978
638,206011105,39847,41837,43541,46842,48107
639,206011106,41300,43506,44791,47653,50107
640,206011107,40077,42234,43932,46840,47687
641,206011108,37704,39522,41133,43715,44709
642,206011109,39756,42352,43388,46033,47627
643,206021110,48508,51504,55602,58396,59914
644,206021111,45049,48018,49199,53376,55498
645,206021112,39073,41080,43923,45818,49555
646,206031113,44879,47196,48951,51455,53536
647,206031114,48832,51681,53282,56151,58967
648,206031115,45445,48254,50072,52727,54027
649,206031116,49472,52983,55038,58573,59861
650,206041117,41363,43551,42956,46255,46594
651,206041118,56900,62884,64625,64491,64633
652,206041119,80524,87975,79947,90831,95349
653,206041120,45443,48926,50412,53555,54137
654,206041121,45569,48483,50314,53008,54147
655,206041122,51052,53449,50094,50978,57408
656,206041123,43585,45320,47056,50320,51960
657,206041124,52708,54333,51256,53899,56616
658,206041125,71733,77763,74770,82608,81303
659,206041126,54551,61427,62827,67588,64954
660,206051128,76832,83996,80569,88033,91871
661,206051129,56211,60163,62655,65094,67563
662,206051130,66623,70915,72021,75295,79347
663,206051131,71994,66438,73262,73366,78334
664,206051132,61242,67480,65682,70876,71064
665,206051133,53841,57318,57188,60912,61456
666,206051134,47410,50761,50709,53498,55450
667,206061135,75018,80385,76913,82507,89534
668,206061136,54564,59583,58920,61706,62905
669,206061137,72142,79219,76794,83749,81799
670,206061138,121175,136444,130117,133180,132252
671,206071139,45910,50173,50188,53880,55691
672,206071140,53352,58034,55585,58552,60978
673,206071141,43297,45341,47256,51058,53727
674,206071142,49069,53575,53384,57904,58172
675,206071143,54852,57887,57899,60829,62813
676,206071144,51711,55747,57287,60828,61869
677,206071145,53081,56114,57305,60193,62047
678,207011146,48174,50730,51726,54347,56389
679,207011147,62844,66683,65032,67718,70429
680,207011148,52726,56578,55142,59199,61414
681,207011149,65088,70792,69091,74221,76302
682,207011150,62088,65792,67064,71093,73405
683,207011151,70914,75520,73979,78766,80851
684,207011152,67873,72102,70049,74985,76118
685,207011153,74148,81490,80136,83812,86430
686,207011154,56326,60061,59835,63209,65518
687,207011155,74976,80342,78400,81099,82897
688,207021156,42045,43994,44435,47298,49098
689,207021157,41702,44080,42356,45380,45703
690,207021158,41165,42926,42979,44984,45653
691,207021159,53909,59063,56709,58833,60392
692,207021160,42500,45189,43920,46662,47539
693,207031161,43488,45894,45841,48258,49788
694,207031162,43491,45897,45837,48263,49784
695,207031163,40574,42663,42316,44491,47658
696,207031164,42781,44817,45175,47848,49815
697,207031165,42446,44940,48950,46109,46815
698,207031166,37601,38993,39248,40658,41134
699,207031167,59753,63450,63282,67180,68972
700,208011168,60294,63561,62090,65854,67848
701,208011169,87854,97619,92762,97052,101776
702,208011170,59584,64385,63697,67061,70118
703,208011171,42144,45501,47163,49245,50902
704,208011172,58626,63271,63557,68632,70728
705,208011173,62651,67199,67686,71204,72899
706,208021174,45563,48100,49566,51739,53734
707,208021175,40526,42970,44281,46823,48595
708,208021176,41968,44297,45110,47552,49142
709,208021177,56892,61971,61754,63762,67943
710,208021178,53248,58866,56279,60205,62969
711,208021179,53727,57435,60540,61868,64472
712,208021180,38742,40941,42376,44692,45590
713,208021181,41967,44303,45107,47556,49147
714,208021182,44030,46466,47695,49954,51799
715,208031183,41868,44785,46671,48945,51063
716,208031184,42663,47389,46241,47110,51464
717,208031185,44994,47721,48615,51438,52566
718,208031186,37593,39774,41653,44563,45761
719,208031187,37592,39776,41653,44560,45764
720,208031188,40197,43139,44193,46283,47179
721,208031189,39934,42525,44422,46971,48701
722,208031190,44320,46799,46952,49730,51038
723,208031191,40677,43062,44509,46767,48351
724,208031193,41863,44783,46673,48948,51061
725,208041194,73616,80842,79465,82983,85344
726,208041195,62936,66017,66349,69478,72103
727,209011196,35610,36782,38291,40853,41344
728,209011197,41364,43010,44223,46738,48343
729,209011198,47520,51013,50382,53973,56660
730,209011199,34845,36686,37680,39562,40398
731,209011200,55825,63024,59870,63447,66867
732,209011201,51646,57011,55144,58759,61739
733,209011202,43437,45840,46586,49784,51693
734,209011203,44054,46699,47302,50239,52749
735,209011204,37779,39764,40759,43532,45227
736,209021205,37181,38536,40111,42657,43570
737,209021206,35935,37715,38995,41279,42779
738,209021207,34094,35545,36849,39116,39703
739,209021208,34092,35536,36845,39112,39694
740,209031209,46835,49304,50056,53187,55217
741,209031210,40393,42877,43989,46700,48712
742,209031211,35503,37246,38129,39744,41388
743,209031212,43737,47138,47258,51562,50761
744,209031213,43790,47178,47329,50722,53002
745,209031214,50756,55144,53725,57206,58797
746,209031215,42743,44764,45762,48566,50635
747,209041216,35604,36790,38292,40855,41338
748,209041217,35608,36790,38290,40851,41340
749,209041218,35003,36409,37921,39995,41015
750,209041219,31380,32353,33913,35760,35939
751,209041220,36463,37762,39091,41314,42383
752,209041221,36464,37762,39088,41311,42384
753,209041222,39929,42004,44260,46460,47315
754,209041223,31960,32807,34363,35913,36501
755,209041224,37859,39856,40664,42646,43566
756,209041225,38279,40767,41738,42075,43861
757,210011226,37928,39786,41772,44869,46092
758,210011228,43328,44897,45912,49067,51194
759,210011229,37754,39801,40647,43648,44572
760,210011230,40571,42661,44625,47674,49253
761,210011231,45746,49202,49302,51658,54595
762,210021232,43746,45843,47123,49344,51240
763,210021233,49413,54000,54915,57873,63364
764,210021234,41805,43135,43568,46764,46913
765,210021235,38999,40774,41666,44216,45395
766,210031236,37710,39528,41143,43720,44720
767,210031237,31942,33193,33931,36180,37180
768,210031238,35235,36691,37782,39805,40607
769,210031239,38524,40825,41884,44342,45741
770,210041240,40177,41920,42654,45202,46506
771,210041241,39764,41396,42346,44880,46021
772,210051242,30425,30414,31557,32975,33243
773,210051243,30548,31143,32015,33636,35266
774,210051244,36389,37527,38792,40813,41687
775,210051245,37521,38778,40165,42765,43915
776,210051246,41476,43068,43665,46707,48167
777,210051247,30233,30810,32053,33892,34260
778,210051248,47031,44533,46049,46799,50782
779,210051249,36890,38101,39272,41234,42100
780,210051250,37013,38283,39472,41764,42824
781,211011251,35605,36868,38446,40608,41914
782,211011252,36262,37617,38732,40782,41829
783,211011253,39635,41270,42080,44166,45676
784,211011254,37692,39321,40249,41615,43188
785,211011255,39791,41419,42242,44352,45858
786,211011256,41226,42820,43780,46193,47623
787,211011257,41201,42795,43747,46159,47590
788,211011258,41227,42822,43782,46189,47626
789,211011259,39533,40978,41828,43910,45249
790,211011260,39548,40998,41845,43924,45260
791,211021261,53326,56541,53266,56390,58571
792,211021262,53261,60009,56931,59784,62601
793,211031263,35828,37240,38671,40737,42047
794,211031264,38098,39947,40896,42760,44096
795,211031265,39393,41608,42138,44151,45748
796,211031266,41198,43736,43611,45911,48053
797,211031267,39093,41135,41551,43719,45203
798,211031268,41353,43915,43740,46054,48208
799,211041269,38087,39956,40747,42900,43699
800,211041270,40698,42801,43544,46067,47353
801,211041271,38089,39960,40744,42894,43703
802,211041272,43097,44693,45271,46934,47431
803,211041273,43105,44700,45285,46941,47428
804,211051274,39064,40833,42340,45173,46622
805,211051275,39980,41934,42258,45484,45129
806,211051276,35094,38920,37181,39442,40986
807,211051277,36568,38419,39382,41158,42454
808,211051278,38367,39909,40780,43206,44924
809,211051279,34963,36133,36933,38180,40630
810,211051280,40318,42658,43025,45553,47015
811,211051281,36841,38192,39499,41850,43228
812,211051282,41847,44490,44501,46714,47866
813,211051283,35917,37667,39232,41159,42760
814,211051284,37971,39744,41278,44223,44887
815,211051285,35886,37753,38305,40286,41909
816,211051286,33054,34858,35487,37675,39320
817,212011287,42192,44225,47989,49507,51196
818,212011288,35642,36857,37592,39415,40621
819,212011289,38887,41285,41698,43899,46465
820,212011290,33405,33916,35555,37639,38146
821,212011291,35558,37705,38840,40696,41918
822,212011292,35557,37707,38837,40698,41919
823,212021293,42524,45163,45867,48064,50239
824,212021294,42497,45120,45851,48040,50197
825,212021295,30643,31306,32130,32470,33014
826,212021296,34945,36489,38025,39839,40755
827,212021297,34135,35184,36980,39239,39427
828,212021298,37802,39131,40267,41906,43080
829,212021299,44974,49550,48634,54615,56608
830,212031300,35776,37399,38924,40894,42612
831,212031301,35915,37708,39185,41170,42661
832,212031302,35779,37402,38924,40894,42610
833,212031303,36237,38401,39787,41837,42787
834,212031304,35773,37404,38925,40899,42607
835,212031305,34282,34929,36090,37084,37897
836,212031306,39207,40296,42349,44321,46408
837,212031307,37789,39119,40256,41898,43075
838,212031308,35890,38135,38691,41060,42450
839,212041309,34411,35695,37021,38928,39639
840,212041310,32509,33609,34920,36731,37105
841,212041311,31904,32960,33737,35186,35649
842,212041312,31900,32953,33728,35175,35636
843,212041313,37487,38621,38805,40391,41043
844,212041314,34821,36813,38006,39692,42461
845,212041315,32239,32971,33524,34981,35159
846,212041316,32179,32922,33478,34928,35104
847,212041317,30023,30395,30951,31524,32988
848,212041318,37488,38626,38808,40394,41045
849,212051319,41770,43506,44163,46238,48553
850,212051320,30734,31627,32207,35591,34738
851,212051321,43092,44832,43504,46188,47475
852,212051322,43094,44830,43505,46188,47477
853,212051323,43647,46027,44289,46646,47694
854,212051324,43648,46032,44289,46643,47693
855,212051325,37482,39339,40231,42657,43373
856,212051326,38304,40357,41820,44124,45170
857,212051327,43093,44829,43504,46186,47477
858,213011328,33520,35074,36450,37922,37786
859,213011329,37783,39413,41177,43601,44430
860,213011330,38761,40575,42196,44570,45481
861,213011331,37960,39208,40686,42563,44160
862,213011332,37053,38600,39934,41752,42757
863,213011333,32169,33171,34133,35659,35720
864,213011334,32102,33087,34031,35538,35565
865,213011335,32106,33095,34041,35548,35577
866,213011336,32520,33742,34635,36434,36554
867,213011337,32526,33742,34636,36436,36555
868,213011338,32525,33740,34637,36434,36557
869,213011339,37955,39210,40686,42563,44164
870,213011340,38182,39864,41304,43231,44464
871,213021341,40353,42867,42517,45150,46560
872,213021342,37422,38715,39999,41687,42197
873,213021343,36219,39497,40453,42454,43122
874,213021344,45235,48260,48942,54284,55668
875,213021345,37424,38714,39994,41681,42191
876,213021346,54985,58481,58068,62356,64547
877,213031347,34101,35275,36912,39399,39887
878,213031348,36482,37360,38467,41170,42943
879,213031349,44880,47190,48950,51456,53536
880,213031350,36635,38005,39443,42187,43745
881,213031351,36457,38579,40523,43189,44327
882,213031352,44732,47113,50175,53475,55554
883,213041353,38142,39263,41050,43134,45090
884,213041354,37787,39408,41183,43601,44428
885,213041355,37823,39082,40588,42481,44080
886,213041356,36927,38013,39385,41379,42127
887,213041357,35739,37552,38492,40389,41623
888,213041358,36927,38015,39388,41377,42127
889,213041359,35501,36971,39146,41474,42745
890,213041360,37912,39242,40787,42784,44214
891,213051361,38964,40334,41764,43570,44029
892,213051362,38960,40333,41765,43573,44029
893,213051363,38528,39452,40488,42458,43558
894,213051364,40978,43294,44628,47013,48143
895,213051365,38965,40340,41767,43578,44036
896,213051366,39438,41091,42282,44339,45356
897,213051367,41049,43390,44691,47076,48260
898,213051368,40974,43286,44618,47005,48141
899,213051369,39328,41067,42364,44277,44670
900,214011370,35303,36495,38106,39672,40512
901,214011371,36278,38056,38373,40460,41748
902,214011372,34729,36239,36678,38830,39636
903,214011373,36278,38054,38372,40460,41747
904,214011374,37930,39929,40987,43266,44500
905,214011375,34905,36216,37527,39656,40971
906,214011376,35777,37398,38925,40895,42613
907,214021377,33249,34807,35095,37260,39295
908,214021378,47602,54510,50181,53524,53947
909,214021379,36740,37932,38679,41317,42249
910,214021380,37877,41007,40777,44590,43980
911,214021381,51455,55846,53633,58383,59394
912,214021382,42628,44767,44144,47111,49226
913,214021383,39071,41569,37181,41806,42168
914,214021384,30598,32737,31775,34228,35412
915,214021385,37004,39090,39747,41989,43798
916,215011386,31200,31765,32659,34352,35193
917,215011387,31926,30400,36658,37434,35029
918,215011388,33380,33923,36997,37647,37617
919,215011389,30013,25458,40018,33847,32912
920,215011390,27949,25400,37576,29254,32416
921,215011391,28072,28575,30833,30125,30853
922,215011392,31224,32289,33171,35441,37172
923,215011393,26302,22111,33983,30570,29029
924,215011394,28222,26254,35245,30792,31165
925,215021395,31629,34015,34575,36370,37821
926,215021396,29159,29363,30877,31333,33192
927,215021397,32580,34415,35026,36692,37535
928,215021398,25018,28310,39111,30377,31290
929,215021399,26139,28928,31276,29280,29328
930,215031400,25496,25314,28970,26040,27867
931,215031401,31614,31051,31616,29091,29094
932,215031402,28169,28907,29817,27327,27787
933,215031403,31216,34872,34853,37187,37953
934,215031404,32500,35276,36019,35938,37238
935,215031405,27777,32039,34836,32788,32934
936,216011406,33933,35092,35271,36365,37904
937,216011407,33080,30940,33010,32859,32386
938,216011408,31269,30355,32330,31418,30825
939,216011409,32217,31455,33793,32866,33078
940,216011410,29047,28119,31014,30174,30151
941,216021411,32649,32994,33045,34000,34227
942,216021412,27741,26855,29314,29019,29764
943,216021413,30176,29547,30859,30226,29600
944,216021414,31447,32370,31747,34498,35676
945,216031415,31421,31787,32176,33904,35759
946,216031416,33878,34956,35465,37722,38392
947,216031417,34333,35419,36200,38392,39486
948,216031418,31434,30660,33849,34118,35101
949,216031419,31753,31279,33591,34446,35048
950,217011420,31546,33713,35617,37224,35305
951,217011421,34332,35529,36282,39010,37900
952,217011422,37654,39296,40932,42195,42034
953,217011423,27025,29487,33412,33939,34336
954,217021424,30449,31819,37292,36239,35075
955,217021425,32921,34724,35319,37331,37828
956,217021426,32807,31820,35745,34243,32420
957,217021427,31647,29843,39937,35940,32340
958,217021428,36243,32868,41454,35860,32075
959,217021429,32574,30962,39807,35239,33637
960,217021430,33424,34291,37021,37366,36569
961,217021431,31039,31125,31958,31219,32182
962,217021432,35041,36610,37106,39220,40336
963,217021433,35481,36679,37968,39714,40377
964,299999999,40759,42453,44435,48173,51198
965,301011001,36202,38477,40421,42451,43558
966,301011002,48735,52402,54335,59169,59906
967,301011003,39273,41378,42881,45942,47661
968,301011004,37563,39950,41666,44075,45613
969,301011005,37267,40874,42312,44454,45328
970,301011006,44380,46295,47500,50525,51607
971,301021007,44915,48973,48477,51657,53539
972,301021008,44392,46318,47516,50534,51623
973,301021009,37790,41470,42470,44769,46453
974,301021010,30016,32525,31972,32421,34088
975,301021011,37726,41009,42237,44575,46232
976,301021012,40630,43940,45189,47655,49524
977,301021013,37788,41466,42467,44768,46454
978,301031014,32745,36195,40122,40966,-
979,301031015,43196,46242,47973,49626,51006
980,301031016,43190,46240,47979,49633,51008
981,301031017,39572,42594,47544,49948,52830
982,301031018,38390,41096,43394,45906,47086
983,301031019,47515,50494,53207,57933,60617
984,301031020,38762,41682,43302,45723,47478
985,301031021,38390,41248,43018,45295,46781
986,302011022,35718,37856,40116,43183,42898
987,302011023,46431,49540,51977,52695,55167
988,302011024,38850,41341,41866,43961,45819
989,302011025,40835,43275,44841,47289,49103
990,302011026,40969,43423,45003,47414,49229
991,302021027,38640,41116,41592,43731,45564
992,302021028,38099,40859,41854,44901,45554
993,302021029,38063,40817,41781,44819,45491
994,302021030,38652,41116,41598,43744,45574
995,302021031,43152,46484,48355,51977,54644
996,302021032,40832,43272,44831,47274,49087
997,302021033,40712,43164,44711,47173,48934
998,302021034,41624,44753,46941,50035,51115
999,302031035,38642,41112,41587,43727,45570
1000,302031036,46749,48824,55950,45330,51143
1001,302031037,38830,42253,59453,44595,47183
1002,302031038,40484,43351,45822,48654,49157
1003,302031039,37887,40804,42428,45805,46791
1004,302031040,41672,44803,47005,50097,51164
1005,302041041,37576,40619,41551,44089,46080
1006,302041042,37591,40634,41560,44095,46101
1007,302041043,37597,40650,41564,44096,46091
1008,302041044,37586,40635,41559,44096,46106
1009,302041045,36095,38573,40672,43146,44495
1010,302041046,38643,41112,41593,43723,45567
1011,303011047,45377,48885,50169,53024,55329
1012,303011048,45776,49946,52398,55148,57202
1013,303011049,45347,48863,50142,52993,55302
1014,303011050,45211,48698,49986,52817,55112
1015,303011051,45332,48852,50175,53028,55324
1016,303021052,40727,42663,43999,47297,49521
1017,303021053,48953,51695,52076,55518,57635
1018,303021054,39853,41882,42682,45670,47777
1019,303021055,42227,45178,47375,49752,50684
1020,303021056,44878,49235,50448,53214,55327
1021,303021057,44736,49183,50413,53159,55299
1022,303021058,38264,40620,40509,42924,44811
1023,303021059,50271,53894,56326,58692,60635
1024,303031060,35943,37877,38904,40584,41623
1025,303031061,35851,37068,36831,38707,39900
1026,303031062,38346,40593,41714,43742,44868
1027,303031063,38444,40724,41848,43878,45032
1028,303031064,46662,51422,54016,57183,56799
1029,303031065,38341,40585,41703,43723,44855
1030,303031066,38344,40589,41712,43736,44866
1031,303041067,33662,35410,34802,37784,39027
1032,303041068,42585,45185,46006,49239,52332
1033,303041069,35707,36938,36670,38590,39787
1034,303041070,34993,36997,37948,39851,42164
1035,303041071,44688,49093,50324,53075,55219
1036,303051072,39419,41463,42852,44826,46014
1037,303051073,38788,40968,41390,43140,44476
1038,303051074,35154,37571,39373,41547,42823
1039,303051075,39293,41373,42462,44349,45565
1040,303051076,34005,36889,37867,40274,41397
1041,303061077,38717,41350,42439,44838,46079
1042,303061078,35947,37873,38877,40564,41603
1043,303061079,35787,37004,36749,38632,39824
1044,303061080,35813,37023,36770,38644,39838
1045,304011081,44666,48132,49216,50904,52418
1046,304011082,44668,48129,49220,50911,52418
1047,304011083,44662,48138,49224,50909,52418
1048,304011084,46715,51298,52908,56376,61368
1049,304011085,44676,48134,49223,50904,52424
1050,304021086,47390,50102,51414,54728,57264
1051,304021087,60392,66597,66226,70841,73184
1052,304021088,60324,66504,66148,70749,73075
1053,304021089,60387,66604,66236,70844,73188
1054,304021090,60393,66609,66233,70847,73184
1055,304021091,57361,62629,62525,66650,68883
1056,304031092,50253,53941,55555,58681,60848
1057,304031093,47296,50756,52752,55631,58148
1058,304031094,54418,58403,59437,62954,64682
1059,304031095,47321,50785,52785,55667,58192
1060,304031096,51211,53621,56171,57360,65043
1061,304031097,54293,58301,59327,62854,64601
1062,304041098,47651,52115,54073,58934,60763
1063,304041099,49771,52113,55020,56554,60040
1064,304041100,38062,40529,42279,44909,46891
1065,304041101,40807,43283,44866,47368,49187
1066,304041103,48679,52149,53121,56741,59128
1067,304041104,41337,43975,45857,48767,51353
1068,305011105,48963,47985,48509,55810,53207
1069,305011106,47980,53562,56924,61664,61263
1070,305011107,44645,48309,48498,50611,53342
1071,305011108,53380,56491,54341,57491,58436
1072,305011109,57332,62700,65948,67821,73082
1073,305011110,44795,48487,48691,50799,53558
1074,305011111,48929,48131,48717,55959,53392
1075,305011112,44916,48643,48851,50946,53720
1076,305021113,55431,61408,63647,70324,73442
1077,305021114,55862,61919,64153,71030,74206
1078,305021115,53349,56454,54310,57454,58389
1079,305021116,55695,61722,63956,70762,73928
1080,305021117,46065,50304,52706,55571,57635
1081,305021118,45824,49973,52337,55113,57165
1082,305031119,51308,55994,55150,56886,59828
1083,305031120,47636,52099,54062,58918,60760
1084,305031121,74219,83321,85032,87791,90945
1085,305031122,61317,65505,63848,68961,70533
1086,305031123,47611,52064,54034,58869,60694
1087,305031124,74127,83143,84784,87357,90900
1088,305031125,61126,65120,63281,68227,70114
1089,305031126,46975,50643,52617,56923,58259
1090,305031127,47627,52098,54067,58918,60758
1091,305031128,47960,53931,57494,62037,61866
1092,305031129,47627,52097,54059,58909,60757
1093,305031130,47385,51606,53319,56414,57720
1094,305031131,48154,52373,53930,57139,58434
1095,305041132,52647,56823,59579,64113,66476
1096,305041133,47632,53075,53667,57540,60602
1097,305041134,58989,64307,64930,71346,73579
1098,305041135,53820,59756,60179,64047,65904
1099,305041136,47199,50247,51577,55779,57746
1100,305041137,47712,53127,53724,57575,60634
1101,306011138,38109,40958,41905,43268,44834
1102,306011139,38083,41471,41649,43144,46060
1103,306011140,38109,40952,41906,43262,44830
1104,306011141,37852,40724,41627,42957,44721
1105,306011142,37492,40726,41096,42491,45415
1106,306011143,36533,39511,40174,41306,44161
1107,306021144,36651,39164,40797,41917,43428
1108,306021145,38110,40957,41902,43273,44835
1109,306021146,37313,40167,41433,42654,44169
1110,306021147,36648,39169,40800,41924,43429
1111,306021148,36230,38901,39741,41943,43764
1112,306021149,38111,40953,41901,43267,44839
1113,306021151,38113,40960,41908,43264,44845
1114,306021152,38104,40952,41907,43274,44845
1115,306021153,36329,39207,40859,41923,43433
1116,306021154,38109,40955,41902,43270,44835
1117,306021155,36327,39214,40868,41932,43427
1118,306021156,38110,40955,41905,43270,44837
1119,306021157,36339,39214,40863,41938,43435
1120,306031158,30904,32999,32737,34726,36222
1121,306031159,33054,35297,35809,36791,37342
1122,306031160,31805,33303,33147,34600,35819
1123,306031161,35002,39182,34840,36046,36228
1124,306031162,-,-,-,-,-
1125,306031163,27867,29481,28671,31064,32310
1126,306041164,31801,34634,34228,35498,36549
1127,306041165,32878,34455,34211,33937,35039
1128,306051166,32258,34459,34836,35464,36289
1129,306051167,27327,28890,30071,31572,31405
1130,306051168,29717,32732,33502,34740,37610
1131,306051169,30523,32313,32468,33697,33994
1132,306051170,31793,35019,35300,36377,37130
1133,307011171,33668,28449,20508,37404,36426
1134,307011172,33008,33398,35504,40174,39666
1135,307011173,36627,38627,36319,39828,38632
1136,307011174,27726,29503,25340,31816,32490
1137,307011175,27107,22703,29604,29798,26977
1138,307011176,35424,36041,37676,41667,41805
1139,307011177,28797,27203,26804,33390,31204
1140,307011178,24732,20157,32842,34560,27574
1141,307021179,29018,30229,31639,33997,34545
1142,307021180,29886,32143,33349,35477,34940
1143,307021181,30629,33479,35111,37076,34325
1144,307021182,30295,31807,35659,36702,35978
1145,307021183,32658,32553,38255,40983,38440
1146,307031184,25983,29518,30192,31394,30752
1147,307031185,28900,29496,30245,31390,31453
1148,307031186,26896,28058,30559,31466,31469
1149,307031187,27674,29320,29328,30319,30854
1150,307031188,26995,29082,29294,30664,30707
1151,307031189,29498,30935,31880,33375,34227
1152,308011190,54753,55862,57127,63777,61361
1153,308011191,45997,48906,51365,51684,47917
1154,308011192,48413,51808,54334,59109,57864
1155,308021193,27930,31371,31685,34847,35271
1156,308021194,41000,41360,43269,45829,42644
1157,308021195,42736,45698,46446,50098,50352
1158,308021196,45450,49212,49458,53893,55260
1159,308021197,46040,48522,48686,53957,56053
1160,308021198,45449,49208,49459,53898,55260
1161,308021199,45440,49210,49461,53898,55262
1162,308021200,44370,48082,48087,52793,53955
1163,308021201,45436,49199,49464,53889,55256
1164,308021203,45454,49200,49462,53897,55255
1165,308021204,45442,49215,49460,53897,55267
1166,308031205,37007,39974,41505,44413,45882
1167,308031206,42146,39677,39838,42613,41974
1168,308031207,37077,41297,40751,43134,43557
1169,308031208,37002,39979,41499,44406,45881
1170,308031209,40002,42467,43427,46754,47726
1171,308031210,38145,40768,41048,43833,43041
1172,308031211,37003,39978,41498,44405,45882
1173,308031212,31570,33444,34481,36736,39858
1174,308031213,37005,39975,41504,44404,45874
1175,308031214,36999,39974,41502,44409,45873
1176,308031215,37321,40193,41378,44253,45091
1177,308031216,40238,42382,43797,45948,47576
1178,308031217,40249,42396,43803,45941,47590
1179,308031218,38054,40757,41377,44113,44137
1180,308031219,38250,40634,41967,43831,44851
1181,308031220,38146,40779,41062,43840,43027
1182,308031221,40912,45651,42794,43869,48281
1183,308031222,40243,42386,43793,45950,47580
1184,308031223,39423,42092,43166,45267,48016
1185,309011224,40861,45193,44444,44069,46564
1186,309011225,34849,37330,37734,39641,40558
1187,309011226,35054,37541,38006,40114,40863
1188,309011227,40862,45197,44447,44066,46561
1189,309011228,40862,45196,44451,44069,46562
1190,309011229,35052,37535,37996,40115,40853
1191,309021230,33203,35425,36033,38195,38241
1192,309021231,35269,37630,39120,41572,42413
1193,309021232,35761,38992,40003,41569,43945
1194,309021233,34841,37405,38100,39224,40360
1195,309021234,34839,37403,38091,39215,40351
1196,309031235,35495,37289,38512,39918,41425
1197,309031236,39073,43850,41773,44177,45270
1198,309031237,39070,43857,41778,44188,45283
1199,309031238,34318,36846,36036,37117,37657
1200,309031239,39069,43859,41780,44186,45277
1201,309031240,39071,43856,41780,44186,45278
1202,309041241,34861,37579,38945,40595,41560
1203,309041242,34752,37336,37062,38984,41460
1204,309051243,35289,39114,40516,43224,47217
1205,309051244,35721,38461,40183,41311,42683
1206,309051245,32774,35491,36740,38617,40193
1207,309061246,33949,36603,37521,39538,40476
1208,309061247,34356,37027,38138,39948,40980
1209,309061248,33950,36601,37521,39538,40473
1210,309061249,33949,36605,37521,39535,40473
1211,309061250,35725,38459,40187,41310,42682
1212,309071251,35676,38914,40631,42709,43738
1213,309071252,43160,47818,47643,49981,51567
1214,309071253,43110,47771,47567,49910,51495
1215,309071254,35888,38738,40833,42486,43839
1216,309071255,37294,40211,42470,43917,45673
1217,309071256,36236,39110,41207,42525,43096
1218,309071257,35686,38915,40620,42719,43731
1219,309071258,35703,38905,40654,42669,43679
1220,309081259,36178,38591,38819,40981,42071
1221,309081260,36113,38507,38746,40928,42002
1222,309081261,36104,38394,38703,40908,41871
1223,309081262,32077,34919,36425,38267,40030
1224,309091263,35499,37293,38521,39927,41433
1225,309091264,35499,37286,38512,39913,41422
1226,309091265,35496,37288,38519,39922,41431
1227,309091266,34320,36847,36039,37117,37659
1228,309101267,45959,49715,45971,48081,49111
1229,309101268,45964,49709,45968,48075,49116
1230,309101269,45963,49724,45983,48083,49108
1231,309101270,45957,49714,45974,48081,49114
1232,310011271,34629,36878,38604,39546,41124
1233,310011272,32222,33865,35590,37119,38107
1234,310011273,37823,40215,42017,44069,44670
1235,310011274,30961,32490,34186,35600,36500
1236,310011275,47327,50783,52782,55659,58183
1237,310011276,33512,35670,37866,39648,41662
1238,310021277,30434,32259,33615,34970,35900
1239,310021278,28214,29621,31393,32912,33709
1240,310021280,30077,32759,34173,36556,36954
1241,310021281,33567,35868,37897,39996,40694
1242,310021282,35250,37321,39195,41196,43651
1243,310031283,35307,37457,39021,41186,42163
1244,310031284,32970,34934,36214,38009,39505
1245,310031285,35312,37455,39019,41192,42160
1246,310031286,35311,37457,39013,41181,42160
1247,310031287,34349,36402,37759,39717,40958
1248,310031288,37878,40327,42228,44414,46403
1249,310031289,38139,40619,42561,44757,46835
1250,310031290,38135,40614,42549,44750,46818
1251,310031291,35522,37690,39282,41452,42510
1252,310031292,35313,37463,39015,41182,42160
1253,310031293,35312,37459,39019,41185,42160
1254,310031294,37807,40265,42149,44341,46294
1255,310031295,29149,31320,33849,36200,36990
1256,310041296,35801,38065,40477,43211,45452
1257,310041297,35804,38071,40478,43210,45462
1258,310041299,34311,36564,38507,40269,40504
1259,310041300,35737,37999,40383,43070,45202
1260,310041302,34314,36562,38503,40267,40502
1261,310041303,35803,38073,40478,43221,45458
1262,310041304,35809,38064,40477,43210,45448
1263,311011305,33027,35160,36648,38327,40239
1264,311021306,33974,36524,38174,40085,40516
1265,311021307,33973,36527,38178,40088,40514
1266,311021308,33966,36516,38166,40073,40502
1267,311021309,33974,36530,38180,40093,40517
1268,311021310,33970,36522,38179,40084,40514
1269,311031311,35452,37515,39522,41754,42840
1270,311031312,35419,37593,39799,41286,42213
1271,311031313,33415,35342,36748,38744,39388
1272,311031314,31440,33143,35411,37356,37890
1273,311031316,35367,37549,39831,41244,42199
1274,311031317,31526,33244,35510,37438,37980
1275,311031318,34827,36852,38593,40416,40539
1276,311031319,35363,37549,39826,41239,42199
1277,311041320,35539,37748,39823,42075,43332
1278,311041321,34760,37193,38956,40798,42246
1279,311041322,34122,36688,38396,40303,40811
1280,311051323,32745,34393,35976,37836,38656
1281,311051324,39512,42283,44598,46684,48598
1282,311051325,37217,39942,41225,43263,44718
1283,311051326,32183,34688,36563,38011,38753
1284,311051327,38771,41302,42668,44958,46334
1285,311051328,33409,35322,36743,38733,39378
1286,311061329,37229,39628,40828,42945,43385
1287,311061330,29432,30982,32481,34032,34322
1288,311061331,29565,31106,32631,34237,34654
1289,311061332,38170,41097,42876,45164,45471
1290,311061333,34885,36998,38208,40403,41062
1291,311061334,37210,39614,40811,42923,43365
1292,311061335,37843,39343,41198,42964,45405
1293,311061336,29491,31045,32544,34101,34406
1294,312011337,34546,38249,38395,43217,42255
1295,312011338,54578,57648,59365,65312,64814
1296,312011339,41856,46830,53399,53365,49891
1297,312011340,40583,40268,41811,48992,46678
1298,312011341,61235,64329,66760,74561,75662
1299,312021342,44542,48073,49692,53431,54716
1300,312021343,44536,48079,49688,53438,54707
1301,312021344,44539,48068,49690,53427,54713
1302,312021345,-,19890,-,-,-
1303,312021346,44535,48067,49690,53424,54722
1304,312021347,44489,48047,49765,53527,54681
1305,312021348,44489,48116,49542,53297,54631
1306,312021349,44536,48074,49689,53432,54719
1307,312021350,44550,48080,49692,53440,54719
1308,312021351,40845,46113,44843,50154,53598
1309,312021352,42792,45909,47034,50198,52825
1310,312021353,42263,46996,45773,48643,51068
1311,312021354,48361,51489,52230,56659,58404
1312,312021355,44544,48070,49698,53429,54713
1313,312021356,44538,48066,49693,53428,54714
1314,312021357,45101,49025,48909,53225,55231
1315,312021358,44535,48065,49688,53431,54709
1316,312031359,35328,37424,38327,40007,40685
1317,312031361,36979,39957,37952,40792,42553
1318,313011362,31295,33064,34754,36664,37377
1319,313011363,31531,33584,33415,34933,36892
1320,313021364,34475,36752,38302,40398,42213
1321,313021365,31038,33117,34562,36293,37347
1322,313021366,31963,34141,35730,37577,38294
1323,313021367,33529,35627,37232,38989,40295
1324,313021368,33074,35419,37213,39267,39552
1325,313021369,32851,35715,36480,36962,38923
1326,313031370,30791,32714,34897,46095,39244
1327,313031371,31678,33739,35385,36299,37782
1328,313041372,34524,36787,38328,40425,42301
1329,313041373,31399,33435,35034,37187,38269
1330,313041374,33083,35426,37219,39272,39556
1331,313041375,36957,39991,41808,44416,46115
1332,313041376,31341,33451,34936,36701,37663
1333,313051377,33630,35736,37397,39870,41139
1334,313051378,33634,35738,37396,39873,41131
1335,313051379,36547,39706,40766,42731,44295
1336,313051380,33017,35617,36839,38541,39980
1337,313051381,36616,39802,40847,42801,44369
1338,314011382,46777,49920,52456,53104,55619
1339,314011383,37044,39865,41511,43824,45677
1340,314011384,41451,43771,45235,46716,49447
1341,314011385,44867,48069,50448,53971,55598
1342,314011386,40170,42711,44486,47208,49447
1343,314011387,48092,51596,52873,56433,59759
1344,314021388,36566,39215,40576,42522,43540
1345,314021389,36564,39216,40578,42523,43541
1346,314021390,40162,43518,46006,48828,50643
1347,314031391,37034,39846,41498,43808,45661
1348,314031392,34746,36359,37593,39694,39971
1349,314031393,37068,39415,41376,43508,45073
1350,314031394,37045,39857,41510,43819,45676
1351,315011395,27894,29479,28665,31099,32316
1352,315011396,32076,36338,35112,37458,41641
1353,315011397,27744,29545,28719,31005,32255
1354,315011398,27890,29499,28676,31081,32303
1355,315011399,23159,25722,28314,30810,33513
1356,315011400,30215,31828,31552,33339,33436
1357,315011401,30284,32132,33728,36395,36486
1358,315011402,30291,32146,33735,36408,36501
1359,315011403,48554,53501,54853,58346,58958
1360,315021404,31847,34490,34074,36946,37332
1361,315021405,46948,52273,55665,57667,58020
1362,315021406,44177,48340,51533,49957,54363
1363,315021407,27237,34953,32848,30768,36046
1364,315031408,32459,34798,34234,34218,33639
1365,315031409,32442,33461,33028,36207,35970
1366,315031410,37425,39262,38476,36902,38331
1367,315031411,28510,30763,35499,36806,36339
1368,315031412,32710,35387,38873,38879,40690
1369,316011413,36746,40339,40400,43894,44501
1370,316011414,36746,40333,40399,43892,44502
1371,316011415,34615,37348,38073,38845,40328
1372,316011416,36740,40322,40391,43884,44495
1373,316021417,33793,35751,35934,37632,38882
1374,316021418,35804,39574,40535,42309,43501
1375,316021419,33796,35746,35934,37635,38887
1376,316021420,33795,35751,35933,37630,38884
1377,316021421,33790,35754,35936,37632,38882
1378,316021422,33790,35748,35936,37627,38883
1379,316021423,35807,39573,40533,42313,43508
1380,316021424,35796,39558,40520,42296,43481
1381,316031425,33562,36175,36724,37825,40168
1382,316031426,33096,35478,36575,38010,39122
1383,316031427,32858,34719,35101,37016,37395
1384,316031428,35872,38613,40133,40928,41932
1385,316041429,31697,34099,34826,36550,37716
1386,316041430,33147,35028,36071,38138,39320
1387,316041431,32143,34606,35054,36679,37810
1388,316041432,32061,34349,35135,36976,38146
1389,316041433,30962,33422,33768,35192,36507
1390,316051434,38485,41950,41025,42026,42327
1391,316051435,35242,38452,35770,37665,38769
1392,316051436,33560,36178,36726,37824,40169
1393,316051437,38496,41941,41035,42019,42336
1394,316051438,29306,31833,31644,32410,34006
1395,316061439,29881,32554,34966,35740,35987
1396,316061440,31656,32979,31148,32588,33947
1397,316061441,46721,33524,35799,36484,37649
1398,316061442,31535,34296,36421,38371,39556
1399,316061443,30645,33393,34419,35653,36634
1400,316061444,32258,35486,36178,37697,39506
1401,317011445,34114,36712,37971,40095,41422
1402,317011446,36089,38312,39222,41216,42797
1403,317011447,36086,38311,39227,41214,42793
1404,317011448,30101,32623,32953,33934,34878
1405,317011449,34472,36904,38164,40187,42111
1406,317011450,35199,37522,38666,41233,43045
1407,317011451,31875,34350,35090,37171,38479
1408,317011452,36084,38308,39220,41217,42799
1409,317011453,36085,38314,39224,41211,42797
1410,317011454,36085,38317,39222,41218,42801
1411,317011455,36090,38315,39225,41212,42793
1412,317011456,36088,38311,39224,41214,42792
1413,317011457,36090,38314,39227,41211,42793
1414,317011458,36079,38301,39219,41216,42801
1415,317011459,36088,38312,39223,41213,42794
1416,318011460,39059,42984,40333,42283,43503
1417,318011461,37610,41873,39284,40496,43655
1418,318011462,37895,38991,40029,40907,41366
1419,318011463,37736,39331,40124,41054,41715
1420,318011464,38700,39197,36275,39060,43445
1421,318011465,38682,39187,36281,39057,43426
1422,318011466,36448,39217,39178,39747,40650
1423,318021467,40235,42839,44126,47274,48597
1424,318021468,40224,42828,44119,47268,48594
1425,318021469,48856,51575,52447,54233,55699
1426,318021470,40672,42847,44595,47155,48189
1427,318021471,36717,38590,40231,42899,43556
1428,318021472,40228,42832,44115,47272,48591
1429,318021473,40475,43760,45958,48085,49619
1430,318021474,40232,42828,44116,47261,48593
1431,318021475,45887,48560,49630,51894,53336
1432,318021476,39534,42152,43684,46259,47764
1433,318021477,40226,42832,44123,47266,48602
1434,318021478,39251,41870,43509,45841,47409
1435,318021479,39240,41861,43500,45819,47386
1436,318021480,36689,38566,40195,42872,43525
1437,318021481,40671,42840,44580,47142,48192
1438,318021482,40669,42844,44578,47149,48195
1439,318021483,34053,35465,36110,36772,37762
1440,318021484,40233,42842,44152,47284,48615
1441,318021485,39256,41865,43505,45829,47383
1442,318021486,39524,42709,44488,46376,47976
1443,318021487,38203,41250,42668,45881,48027
1444,318021488,48867,51575,52449,54238,55686
1445,318021489,37161,39957,40156,41099,42225
1446,318021490,48865,51580,52448,54228,55694
1447,318021491,38196,41237,42660,45865,48019
1448,319011492,32041,34142,34231,35449,37929
1449,319011493,32045,34146,34229,35450,37926
1450,319011494,32045,34139,34228,35452,37929
1451,319011495,32041,34152,34233,35454,37931
1452,319011496,32044,34154,34229,35448,37928
1453,319011497,32044,34151,34228,35453,37931
1454,319011498,31376,33385,33475,35086,37346
1455,319011499,28918,31418,30879,32266,33651
1456,319011500,32043,34146,34229,35450,37922
1457,319011501,32047,34145,34232,35456,37931
1458,319011502,32044,34145,34231,35450,37927
1459,319021503,27759,29101,28584,28915,30446
1460,319021504,25473,27802,26676,28557,29970
1461,319021505,32814,34697,34912,37762,39452
1462,319021506,25619,26623,27556,30586,30935
1463,319021507,32554,34278,34548,37470,38859
1464,319021508,26465,26267,28248,29398,28788
1465,319021509,31621,33130,33433,35988,36972
1466,319021510,-,20732,24230,22909,-
1467,319031511,26606,28962,28309,29642,30295
1468,319031512,29792,30965,32008,33341,34610
1469,319031513,29791,30969,32002,33339,34607
1470,319031514,29835,31056,32108,33403,34671
1471,319031515,26892,26935,28709,29960,30603
1472,319041516,30556,32451,32694,34377,35579
1473,319041517,30550,32450,32700,34388,35586
1474,319041518,30553,32447,32694,34385,35583
1475,319041519,30557,32444,32700,34390,35589
1476,319041520,30550,32450,32692,34387,35584
1477,319041521,30553,32453,32696,34386,35584
1478,319051522,28254,29859,30140,31582,32947
1479,319051523,31228,33449,33759,35503,36873
1480,319051524,31232,33450,33752,35498,36866
1481,319051525,30689,32575,33050,34750,35671
1482,319051526,31232,33448,33751,35497,36871
1483,399999999,40072,43073,37150,43650,44420
1484,401011001,48663,52560,50536,53590,55526
1485,401011002,67246,71504,70861,74547,75574
1486,401021003,37720,41271,42677,43671,45073
1487,401021004,46751,49782,51249,54077,58337
1488,401021005,38933,41378,47599,45499,47394
1489,401021006,37530,40659,42100,43287,44644
1490,401021007,36445,39073,40676,42596,44103
1491,401021008,35881,37799,39380,41030,42104
1492,401021009,34257,35559,37498,40145,40758
1493,401021010,43189,45945,48465,50474,51927
1494,401031011,54632,58462,57686,61405,63347
1495,401031012,59875,63576,62925,67149,68982
1496,401031013,57700,60819,60863,65248,65999
1497,401041014,38772,40868,41841,43807,45983
1498,401041015,34688,36182,37088,39365,40132
1499,401041016,40227,42004,43898,45400,47116
1500,401051017,53257,56172,57531,60973,62471
1501,401051018,42708,44870,46045,48506,49826
1502,401051019,49866,52635,52673,56789,60069
1503,401061020,47464,49526,50032,53008,54799
1504,401061021,43576,45738,46539,49401,50550
1505,401061022,66095,68495,68546,71452,74296
1506,401071023,50120,53222,54257,58354,60268
1507,401071024,56663,59764,60935,64847,66466
1508,402011025,37117,39365,40151,42179,43413
1509,402011026,35834,37253,38652,40905,42283
1510,402011027,33849,35132,37082,39363,39927
1511,402021028,35137,36382,37461,39378,40388
1512,402021029,32286,33520,34404,36515,37722
1513,402021030,31780,32611,33753,35433,36310
1514,402021031,30819,31726,32706,34505,35428
1515,402021032,33914,35258,36490,38297,38688
1516,402021033,35370,36692,37785,39758,40806
1517,402021034,29597,30838,31661,33886,35106
1518,402021035,33416,33509,36501,38407,38185
1519,402031036,33645,35086,36552,38659,39507
1520,402031037,34343,35802,37273,39060,40309
1521,402031038,34111,35724,37084,38931,40587
1522,402041039,-,-,-,-,-
1523,402041040,33755,34882,36272,38152,39282
1524,402041041,34586,36153,37506,39417,40259
1525,402041042,35418,37691,43194,36838,35535
1526,402041043,31760,33052,34570,36369,37151
1527,402041044,32022,33526,34804,36398,37439
1528,402041045,37428,39722,41520,44086,45423
1529,402041046,32466,33946,35244,36897,37988
1530,402041047,33975,35364,36691,38816,40100
1531,402041048,32393,34043,35340,37305,37980
1532,402051049,40690,42545,44009,46109,47811
1533,402051050,40735,42602,44055,46171,47885
1534,402051051,39036,40972,41753,43828,45427
1535,402051052,33590,35235,36383,38240,39281
1536,402051053,36495,38309,39308,41776,43141
1537,402051054,36336,38329,39858,41736,43209
1538,402051055,36336,38244,39247,41290,42642
1539,403011056,39918,42150,43263,46451,48143
1540,403011057,46180,50245,50148,52478,53380
1541,403021058,34911,36914,38485,40714,41362
1542,403021059,36315,37967,39297,41316,42877
1543,403021060,38825,40862,41117,44637,46795
1544,403021061,33562,35185,36153,38049,39468
1545,403021062,37763,40540,41781,43589,44654
1546,403021063,36296,37946,39283,41296,42850
1547,403021064,35031,36943,38297,40689,42047
1548,403031065,44175,46453,47168,50553,53177
1549,403031066,40016,41844,41464,44078,45599
1550,403031067,41811,43508,45158,47882,50283
1551,403031068,40735,42862,44793,47539,48897
1552,403031069,56173,60302,59837,63241,65418
1553,403031070,36261,38125,39232,41206,43014
1554,403041071,37835,39693,40938,43256,44718
1555,403041072,30874,32534,33712,36340,37798
1556,403041073,30059,31516,33349,34692,36553
1557,403041074,31202,32898,33994,36355,37791
1558,403041075,42180,45659,46140,48795,49126
1559,403041076,41256,42870,44689,47280,49610
1560,403041077,37640,39483,40694,43023,44492
1561,403041078,30872,32242,33751,35903,37350
1562,403041079,30872,32244,33749,35897,37355
1563,403041080,37597,39417,40674,42941,44417
1564,403041082,43258,52385,51396,55569,65376
1565,403041083,36958,37912,39124,40132,40164
1566,403041084,32558,33992,35649,37691,38563
1567,403041085,32558,33994,35652,37691,38563
1568,403041086,32680,34441,35565,37513,38567
1569,403041087,32683,34160,35584,38114,39635
1570,403041088,33979,35306,36300,38091,38756
1571,403041089,32529,33958,35610,37657,38536
1572,404011090,35464,37349,39268,41234,42590
1573,404011091,34758,36448,37882,40061,40768
1574,404011092,41263,43762,45262,47174,49935
1575,404011093,36029,37460,39149,41344,42433
1576,404011094,33823,35396,36907,39321,41145
1577,404011095,36583,38850,40335,42358,44307
1578,404011096,42604,44286,44475,48002,50033
1579,404011097,33003,35166,36567,38698,40103
1580,404021099,37670,39574,41419,44369,45868
1581,404021100,37212,39213,40944,43795,45569
1582,404021101,32849,35312,36594,38894,40533
1583,404021102,31598,33073,35091,36874,38322
1584,404031104,34814,46338,76284,52082,56711
1585,404031105,38749,40563,41716,43062,44814
1586,404031106,36342,38668,39838,42356,44334
1587,404031107,37197,39283,40395,42339,42994
1588,404031108,36545,38665,40097,42601,43267
1589,404031109,38754,40565,41720,43064,44829
1590,405011110,34980,36440,38698,40018,39803
1591,405011111,33072,34570,36959,39051,39981
1592,405011112,36198,37433,38950,40992,43290
1593,405011113,32447,34233,37047,39126,39290
1594,405011114,36153,38670,38220,40054,40793
1595,405011115,38957,40477,42214,45712,46039
1596,405021116,32892,35332,38107,39083,39384
1597,405021117,28664,32324,36018,36512,34781
1598,405021118,24047,26038,31222,31123,31103
1599,405021119,27803,30459,34100,36543,34533
1600,405031120,27083,33773,36164,35158,36713
1601,405031121,25183,28337,30959,31982,32505
1602,405031122,33517,35475,37606,39002,40513
1603,405031123,30459,33389,36532,39020,38194
1604,405041124,31523,31399,37180,41792,41776
1605,405041125,28556,29574,32473,35593,34707
1606,405041126,28877,28931,30770,33235,33977
1607,405041127,27412,30391,33454,36890,34241
1608,405041128,25422,26856,28601,28967,29290
1609,406011129,31809,32193,34912,36994,39708
1610,406011130,25867,27323,29405,34940,34540
1611,406011131,18677,25367,28017,30305,34971
1612,406011132,17653,21693,23426,31093,36013
1613,406011133,34991,38155,39361,41180,43434
1614,406011134,27931,30260,33230,34856,37002
1615,406011135,32255,32511,34936,37553,40119
1616,406011136,39733,43157,45032,47619,48138
1617,406021138,23528,24463,27532,31001,33517
1618,406021139,27278,29011,32498,36822,36466
1619,406021140,32389,33250,35618,37351,40464
1620,406021141,37972,40750,44110,45711,47355
1621,406021142,36046,38712,40593,42994,44750
1622,406021143,56357,60774,66904,73049,68359
1623,407011144,28869,30676,30502,32044,32968
1624,407011145,26545,29189,30583,31037,31708
1625,407011146,32006,34031,36061,37614,37993
1626,407011147,31674,34244,35162,37010,37488
1627,407011148,29141,30206,30426,32136,34588
1628,407011149,28748,31333,33002,34951,34476
1629,407021150,34909,36630,38037,40027,39981
1630,407021151,30133,33168,34698,37155,36099
1631,407021152,35050,39378,38909,40654,40243
1632,407021153,35576,37313,38503,39981,40899
1633,407021154,31595,32545,35499,37326,37296
1634,407021155,28400,28506,35093,37106,32623
1635,407021156,32040,34893,38294,41538,41836
1636,407021157,28096,27448,35646,32532,32518
1637,407021158,34524,38419,37755,39920,39714
1638,407031159,29576,30320,31658,34721,32834
1639,407031160,33384,34393,34842,36913,37437
1640,407031161,22073,23529,31430,24713,25931
1641,407031162,29671,32412,32587,33770,31548
1642,407031163,30383,33115,31592,31392,29865
1643,407031164,28542,30739,32191,33169,33146
1644,407031165,29200,31826,32552,33644,34490
1645,407031166,28805,31769,32002,33903,33550
1646,407031167,30426,31205,31447,33338,33293
1647,407031168,31251,32375,32456,33559,35083
1648,407031169,26846,26273,30859,29945,30451
1649,407031170,28566,30625,31853,32812,33504
1650,499999999,42398,51444,42361,50223,56177
1651,501011001,30889,34486,33127,37989,37334
1652,501011002,34188,37560,38918,40903,41770
1653,501011003,39064,42110,41552,43400,46285
1654,501011004,31958,34984,35843,37046,39443
1655,501021005,42184,44726,46856,51519,52756
1656,501021006,41061,43194,44762,48900,51386
1657,501021007,36749,38402,40108,43915,45621
1658,501021008,41065,43189,44764,48902,51381
1659,501021009,42205,44689,46482,52347,54091
1660,501021010,40144,43330,46340,49470,48216
1661,501021011,32894,36095,40354,43314,46610
1662,501021012,39344,42143,44487,48252,50510
1663,501021013,41003,43143,44671,48895,51143
1664,501021014,38586,40517,43181,46303,45904
1665,501021015,41063,43219,44816,48951,51397
1666,501021016,40936,45796,45948,49251,48247
1667,501031017,32632,34252,34382,36979,37706
1668,501031018,33985,34786,38383,39324,40231
1669,501031019,32595,34920,36688,38837,38617
1670,501031020,30373,33706,34071,35846,34751
1671,502011021,41646,36865,40109,44569,46316
1672,502011022,39552,42079,42867,46359,48774
1673,502011023,39549,42082,42867,46363,48773
1674,502011024,39548,42081,42868,46363,48774
1675,502011025,39550,42078,42868,46364,48776
1676,502011026,38075,40985,43951,45379,48578
1677,502011027,39585,42406,42960,46812,50172
1678,502011028,39547,42077,42869,46359,48777
1679,502011029,38325,41080,43942,46932,48734
1680,503011030,76624,87265,89178,96405,102971
1681,503011031,70444,78633,77113,85932,90534
1682,503011032,89402,99032,100553,104228,113892
1683,503011033,54418,59668,61819,66001,70025
1684,503011034,77900,83578,83799,115338,99609
1685,503011035,79321,89341,88187,96409,106981
1686,503011036,70440,78638,77125,85937,90517
1687,503021037,53560,52625,51429,61013,60757
1688,503021038,49105,53119,56289,60191,62224
1689,503021039,51948,56963,59577,65445,68043
1690,503021040,47978,52579,56273,60597,62866
1691,503021041,51047,53524,53578,60256,62610
1692,503021042,63004,69758,71188,80180,84088
1693,503021043,53883,58710,61501,65607,69098
1694,504011044,37674,41071,43048,46469,47337
1695,504011045,40419,44330,46881,50186,52156
1696,504011046,42366,46408,47866,52509,53486
1697,504011047,37235,40197,41694,45281,45156
1698,504011048,37159,40108,41579,45177,45002
1699,504021049,38619,40820,42947,47865,49539
1700,504021050,44337,48539,50160,54514,56799
1701,504021051,37638,40608,42874,46326,47510
1702,504021052,39969,44053,45111,50656,52893
1703,504021053,40557,43694,45589,49369,51466
1704,504021054,37598,40561,42836,46264,47441
1705,504031056,35858,38250,40871,44357,45049
1706,504031057,35216,38006,40972,43834,44276
1707,504031058,38979,42809,42546,47691,52070
1708,504031059,41528,44761,47704,52032,53558
1709,504031060,42973,46467,48642,54853,57933
1710,504031061,41488,45103,47461,53632,53342
1711,504031062,38922,42389,44489,48804,49320
1712,504031063,40906,49908,47829,57251,59725
1713,504031064,-,-,-,-,-
1714,504031065,37605,40566,42827,46266,47440
1715,504031066,38364,41435,43714,47659,48593
1716,504031067,37598,40556,42838,46259,47447
1717,504031068,40633,43825,46809,50845,52672
1718,505011070,41278,44596,47409,51734,54323
1719,505011071,41397,45387,48262,52784,55682
1720,505011072,44837,49405,52816,55510,57875
1721,505011073,38045,40982,43145,46261,47875
1722,505011074,39103,42126,44620,48482,50807
1723,505011075,42752,46307,49347,53977,56775
1724,505011076,41394,45388,48272,52783,55683
1725,505011077,39102,42128,44624,48487,50812
1726,505011078,41204,44753,47483,50915,52792
1727,505011079,40856,44117,46867,51100,53629
1728,505011080,39100,42126,44625,48481,50805
1729,505011081,42754,46306,49339,53980,56780
1730,505011082,48689,53211,56329,60696,64699
1731,505011083,41210,44754,47484,50922,52802
1732,505021084,39030,42617,45805,48639,52513
1733,505021085,31085,33784,36197,39842,40637
1734,505021086,40737,45088,47325,49739,51877
1735,505021087,4088,-,-,5906,-
1736,505021088,45449,49518,52010,57160,60374
1737,505021089,46715,50928,53641,58468,61918
1738,505021090,31138,33846,36262,39897,40709
1739,505021091,14599,16351,19629,21095,-
1740,505021092,47019,50318,53034,57451,60543
1741,505021093,39254,42936,45952,49030,52520
1742,505021094,51417,55085,57701,62366,67881
1743,505021095,39781,43165,45813,48983,50194
1744,505021096,46177,49848,52447,57221,60351
1745,505021097,44635,48668,51284,55467,57073
1746,505031098,32622,35014,37482,40427,41283
1747,505031099,37753,40332,43293,47293,49019
1748,505031100,38346,41582,44556,49095,50399
1749,505031101,37438,40459,43389,46713,48303
1750,505031102,32616,35014,37485,40430,41287
1751,505031103,39144,42822,45168,48681,50438
1752,505031104,32621,35014,37488,40425,41287
1753,505031105,37472,40448,43373,46780,48398
1754,505031107,39165,42819,45203,48490,50448
1755,505031108,39151,42825,45179,48618,50602
1756,505031109,35903,38166,40823,45142,47340
1757,506011110,35885,39156,42010,45180,47720
1758,506011112,37311,40563,42831,45565,47020
1759,506011113,35887,39158,42015,45184,47719
1760,506011114,37311,40557,42829,45568,47034
1761,506011115,35890,39152,42011,45183,47727
1762,506011116,37316,40561,42828,45571,47029
1763,506011117,35886,39157,42013,45183,47719
1764,506021118,40614,43601,45079,50393,51875
1765,506021119,40321,43447,45718,51004,51129
1766,506021120,-,-,-,-,-
1767,506021121,35764,39050,40936,44791,46014
1768,506021122,36893,40082,42688,46794,47824
1769,506021123,41386,45050,47201,51551,54315
1770,506031124,32845,35477,38255,40617,41471
1771,506031125,41237,43994,46831,50442,52006
1772,506031127,35053,37735,40674,43346,44207
1773,506031128,37539,40180,42700,46094,47665
1774,506031129,43959,46880,49517,53049,55426
1775,506031130,48944,51834,59872,67038,64200
1776,506031131,41231,43988,46824,50432,51997
1777,506041132,34829,37469,40261,43163,44122
1778,506041133,41226,43981,46814,50423,51987
1779,506041134,36097,38972,41558,44857,45758
1780,506041135,36093,38973,41559,44855,45760
1781,506041136,34879,39182,40663,42669,42881
1782,506041137,36402,38936,41218,44453,45474
1783,506051138,36885,40192,42907,45733,47097
1784,506051139,40167,42835,45988,49666,50736
1785,506051140,42172,46032,48412,52758,53883
1786,506051141,42914,47239,49357,54001,55187
1787,506061142,40242,43973,46818,50795,52500
1788,506061143,41750,45484,47444,51117,52278
1789,506061144,40219,43597,44077,48124,49166
1790,506071145,46422,49663,52312,56598,59216
1791,506071146,46421,49666,52315,56595,59213
1792,506071147,57666,64552,68061,70941,73847
1793,507011148,41014,44571,47062,51596,53579
1794,507011149,41030,44596,47087,51611,53598
1795,507011150,36050,40284,42062,48262,48840
1796,507011152,42425,45933,48315,52513,54737
1797,507011153,37857,40860,43361,47184,48574
1798,507011154,37856,40864,43363,47180,48574
1799,507011155,40893,45379,51545,53043,55231
1800,507011156,41011,44567,47078,51615,53565
1801,507011157,40966,44601,47193,51707,53517
1802,507011158,37974,41033,43485,47420,48741
1803,507011159,39515,42870,45403,49700,51575
1804,507011160,37866,40866,43369,47191,48586
1805,507011161,41014,44575,47057,51599,53579
1806,507011162,42342,45903,48254,52476,54729
1807,507011163,41010,44569,47060,51601,53571
1808,507021164,54198,59314,61236,63793,69269
1809,507021165,50813,53833,53902,60009,62601
1810,507021166,40392,43751,45665,50194,52330
1811,507031168,36318,39065,41956,45730,46692
1812,507031169,36891,39705,42807,46660,47916
1813,507031170,37100,39940,43092,46942,48293
1814,507031171,36769,39586,42624,46467,47673
1815,507031172,37983,41756,42597,51515,49288
1816,507031173,38981,41008,42825,52101,48091
1817,507031174,36331,39026,41944,45769,46655
1818,507041175,59506,65954,67324,69564,75958
1819,507041176,43520,45485,47273,51139,53340
1820,507041177,46277,50386,52347,57582,59333
1821,507041178,54208,59980,61581,65354,69351
1822,507041179,42638,45805,47649,51148,53519
1823,507041180,42629,45791,47646,51139,53517
1824,507041181,48067,53543,55154,61005,63838
1825,507041182,39534,42236,44531,48360,49996
1826,507041183,49075,54897,56420,62087,66017
1827,507041184,43531,45485,47259,51125,53326
1828,507051185,44471,47541,50467,55119,56593
1829,507051186,38097,40819,42944,46798,47629
1830,507051187,41309,43340,46346,50216,51200
1831,507051188,38083,40817,42939,46784,47620
1832,507051189,39691,43838,44197,46844,47458
1833,507051190,38865,41084,43749,47518,48804
1834,507051191,43177,46453,49093,54563,57488
1835,507051192,38864,41087,43752,47523,48798
1836,507051193,38877,41093,43764,47529,48808
1837,508011194,33655,39924,46113,44674,41037
1838,508011195,31321,45154,54900,49815,32412
1839,508021196,37520,40949,40220,41942,43426
1840,508021197,35768,39682,40556,44261,46401
1841,508031198,46236,48703,52310,56213,54568
1842,508031199,50339,54614,57138,61450,60712
1843,508031200,50355,54632,57157,61478,60715
1844,508031202,48755,52207,56458,60358,61034
1845,508031203,40498,43830,47686,51522,48884
1846,508041205,39827,43869,46509,49106,50734
1847,508041206,34847,39549,40206,43446,43702
1848,508041207,36316,40277,40578,42976,39922
1849,508041208,44231,48419,52010,51721,51660
1850,508041209,39256,43490,46043,48443,49825
1851,508051210,38374,41565,42468,46402,48542
1852,508051211,38144,41430,41924,46515,48723
1853,508051212,37766,41219,41075,46693,48972
1854,508051213,38295,41522,42285,46437,48607
1855,508051214,39029,41654,39557,44608,47802
1856,508051215,34086,36585,35699,41555,41895
1857,508051216,32585,38871,30165,40557,43804
1858,508051217,31162,35598,30420,46399,44455
1859,508061218,59924,62885,67248,72975,73645
1860,508061219,53959,57777,62488,69181,68536
1861,508061220,58648,65346,71933,79553,79925
1862,508061221,58445,61712,66685,73699,72167
1863,508061222,58886,67021,70270,76751,78584
1864,508061223,57945,61736,67252,74631,75316
1865,508061224,52568,57856,60944,67498,68502
1866,509011225,33656,36438,37618,39523,40262
1867,509011226,31998,35594,36739,39951,37602
1868,509011227,33661,36444,37621,39517,40262
1869,509011228,27729,30297,30776,34095,34171
1870,509011229,27499,29838,46545,47343,28090
1871,509011230,32251,33634,38396,40041,37629
1872,509011231,32015,31759,35953,38075,32841
1873,509011232,33660,36433,37614,39530,40254
1874,509011233,33652,36443,37621,39520,40265
1875,509011234,27863,29305,32697,36476,32848
1876,509011235,-,-,-,-,-
1877,509021236,36141,39475,40832,44668,46702
1878,509021237,32261,36559,40695,49539,35708
1879,509021238,34163,36533,41779,47173,40180
1880,509021239,33293,34697,35839,38305,40329
1881,509021240,31866,39686,40531,48861,43430
1882,509021241,33095,37192,34346,42084,44021
1883,509021242,32214,41236,38776,51293,50611
1884,509021243,35644,37866,40316,43922,44264
1885,509021244,36160,38956,40701,44527,46787
1886,509021245,33651,35071,37913,42608,36932
1887,509031246,34786,36991,43324,49241,36686
1888,509031247,27702,31288,40871,48810,33858
1889,509031248,42307,45042,49855,53577,54924
1890,509031249,34888,36393,40088,42943,40675
1891,509031250,34966,32600,40099,41752,35059
1892,599999999,47804,52332,51548,55195,56487
1893,601011001,31356,32587,34304,36618,38157
1894,601011002,32573,33908,35621,37746,39298
1895,601011003,37665,39644,41248,42363,43824
1896,601021004,37011,39241,39788,42200,44463
1897,601021005,40593,42805,43108,46127,48385
1898,601021006,37730,39210,40395,42239,44468
1899,601021007,36911,39117,39681,42086,44343
1900,601021008,37720,39185,40343,42232,44491
1901,601021009,37017,39241,39791,42197,44455
1902,601021010,29224,29597,31175,33190,34577
1903,601021011,28091,29634,31528,33701,35929
1904,601021012,37820,39423,40220,44307,45288
1905,601031013,32062,33261,35017,37053,38342
1906,601031014,32498,33891,35804,37860,39197
1907,601031015,32472,33660,35463,37328,38469
1908,601031016,32137,33693,34999,37953,38281
1909,601031017,31664,32788,34359,36753,37935
1910,601031018,31657,32769,34352,36731,37927
1911,601031019,32354,34056,35280,38433,38483
1912,601031020,31305,32738,33812,35601,36683
1913,601031021,32278,33980,35212,38360,38406
1914,601041022,35894,38342,38995,41313,42979
1915,601041023,38102,40320,40748,42693,44919
1916,601041024,35810,37482,38542,40633,43251
1917,601041026,42704,45942,45332,48246,51476
1918,601051027,43284,47212,47321,50328,50740
1919,601051028,40269,42617,42996,46146,47901
1920,601051029,46501,49247,48631,53567,54660
1921,601051030,39388,41380,41953,45045,46987
1922,601051031,50814,53125,52172,59922,59002
1923,601051032,44250,49798,50621,52559,51129
1924,601051033,42464,45664,45535,48834,50098
1925,601061034,31285,33413,34140,36024,38166
1926,601061035,33213,35567,36493,38495,40309
1927,602011036,27740,29165,30777,33298,34121
1928,602011037,33096,35136,36618,38502,40334
1929,602011038,37544,39929,40595,43230,44762
1930,602011039,35230,37274,38462,40444,42634
1931,602011040,27731,29175,30766,33286,34123
1932,602011041,27736,29174,30765,33285,34119
1933,602011042,37555,39951,40610,43250,44780
1934,602011043,37564,39941,40610,43258,44784
1935,602011044,37557,39954,40618,43254,44778
1936,602011045,37561,39957,40615,43257,44780
1937,602011046,37555,39947,40614,43258,44774
1938,602011047,33240,35281,36740,38643,40459
1939,602011048,37528,39922,40589,43228,44739
1940,602011049,37558,39954,40614,43254,44774
1941,602011050,37555,39949,40622,43248,44781
1942,602011051,37523,39911,40585,43208,44731
1943,602011052,35221,37409,38912,41032,42498
1944,602021053,32164,35016,37140,36929,37087
1945,602021054,28331,29824,31987,32984,32187
1946,602021055,33212,33915,35746,37358,39176
1947,602021056,34069,35933,36945,39135,39813
1948,602021057,31403,33462,35467,37703,37110
1949,602031058,33767,35480,37978,39628,40265
1950,602031059,34084,36009,36953,39450,40046
1951,602031060,33442,35206,36484,39288,38471
1952,602031061,28689,31649,32309,34751,35267
1953,602031062,34391,37350,38610,40064,41626
1954,602031063,28365,29269,32288,32684,33075
1955,602031064,26674,28296,29421,31139,32272
1956,603011065,31269,32647,33950,35907,37108
1957,603011066,31315,32752,33844,35629,36751
1958,603011067,28722,29733,30502,32322,35150
1959,603011068,62949,52172,72280,73674,68491
1960,603021069,32028,33037,33681,35653,37832
1961,603021070,27087,29938,30474,32832,33752
1962,603021071,29662,32072,33590,34523,35198
1963,603021072,30090,33195,33435,35092,37029
1964,603031073,26059,26745,28229,28637,29974
1965,603031074,28068,30557,30663,31789,33643
1966,604011075,34526,36854,38850,41034,41705
1967,604011076,32571,34061,36634,38335,38862
1968,604011077,34499,36790,38823,41010,41658
1969,604011078,34483,36775,38826,40997,41644
1970,604011079,32793,34313,36439,39004,39953
1971,604011080,34520,36851,38848,41028,41705
1972,604011081,32305,34669,36352,38199,38831
1973,604011082,32087,33780,35460,36750,38224
1974,604011083,32095,33785,35464,36743,38223
1975,604011084,31805,33905,35849,37453,36968
1976,604021085,33406,35178,35842,37630,39023
1977,604021086,33405,35178,35846,37630,39022
1978,604021087,33618,36206,37592,39975,41375
1979,604021088,33415,35178,35849,37641,39023
1980,604021089,33618,36215,37586,39993,41382
1981,604021090,33416,35168,35842,37627,39028
1982,604021091,28363,29850,31265,32917,34370
1983,604021092,32519,34230,35582,37021,38492
1984,604031093,34221,36290,32957,39577,38950
1985,604031094,33067,34406,37472,37874,37471
1986,604031095,33599,34382,37998,37425,36491
1987,604031096,32070,33931,36371,37975,37507
1988,604031097,38784,40568,43629,46798,46606
1989,699999999,48821,51201,53934,49543,61479
1990,701011001,52135,54055,55669,58450,60966
1991,701011002,45953,45177,43421,47440,48523
1992,701011003,52187,53569,55202,58944,61347
1993,701011004,52113,54078,55743,58404,60976
1994,701011005,52112,54104,55761,58394,60962
1995,701011006,52112,54089,55765,58379,60975
1996,701011007,52107,54074,55770,58396,60947
1997,701011008,52102,54097,55751,58397,60979
1998,701011009,52109,54099,55749,58379,60955
1999,701021010,43387,44900,46941,50373,52526
2000,701021011,42684,44402,46831,49797,52242
2001,701021012,48108,54726,53610,57843,59740
2002,701021013,43387,44884,46934,50384,52528
2003,701021014,-,-,17694,-,-
2004,701021015,-,-,-,-,-
2005,701021016,43374,44902,46955,50375,52522
2006,701021018,43375,44905,46968,50354,52494
2007,701021019,42681,44406,46829,49780,52227
2008,701021020,42674,44402,46830,49773,52240
2009,701021021,43377,44906,46960,50358,52528
2010,701021022,42683,44406,46829,49782,52238
2011,701021023,43394,44873,46950,50378,52504
2012,701021024,43391,44897,46935,50380,52531
2013,701021025,43394,44884,46952,50382,52515
2014,701021026,43371,44896,46951,50362,52527
2015,701021027,43382,44879,46934,50355,52529
2016,701021028,43398,44903,46950,50384,52516
2017,701021029,43395,44904,46967,50358,52537
2018,701021030,42675,44408,46817,49781,52236
2019,701031031,45219,46982,50736,54677,54640
2020,701031032,41199,44437,47097,50564,53353
2021,701031033,-,-,-,-,22266
2022,701031034,45296,47035,50879,54836,54705
2023,701031035,37005,40439,43239,45327,46539
2024,701041036,44625,46489,49353,51571,54155
2025,701041037,40740,43946,46778,49976,51626
2026,701041038,40737,43950,46791,49955,51636
2027,701041039,40761,43954,46785,49973,51620
2028,701041040,40753,43940,46784,49967,51614
2029,701041041,42847,45356,48259,50917,53241
2030,701041042,-,-,-,30104,37156
2031,701041043,44642,46485,49347,51552,54174
2032,701041044,40753,43946,46799,49970,51640
2033,702011045,41125,42791,45059,48382,50153
2034,702011046,41125,42780,45057,48374,50151
2035,702011047,41125,42793,45061,48383,50155
2036,702011048,41133,42781,45069,48387,50158
2037,702011049,41137,42791,45072,48380,50166
2038,702011050,22125,22718,25943,28988,30809
2039,702011051,41137,42768,45064,48386,50143
2040,702011052,22112,22732,25932,28994,30838
2041,702011053,22117,22721,25934,28985,30845
2042,702011054,22109,22732,25941,28958,30830
2043,702021055,29445,32934,36980,39251,38338
2044,702021056,36821,38308,38896,43452,43763
2045,702031057,44747,44524,47200,48014,49633
2046,702031058,29000,36869,45957,46146,42614
2047,702041062,59622,59242,61534,69451,73480
2048,702041063,57732,60080,64352,60673,63955
2049,702041064,57635,60030,64384,60597,63985
2050,702051065,20685,23484,22460,25560,27375
2051,702051066,24486,25478,26235,30951,32681
2052,702051067,40613,42917,43661,47367,47916
2053,702051068,20693,23500,22439,25525,27399
2054,799999999,40912,42827,44007,47039,47792
2055,801011001,49165,51344,51589,54719,56467
2056,801011002,45035,47392,49120,51789,53277
2057,801011003,45029,47391,49121,51791,53286
2058,801011004,43332,45461,46835,49842,51672
2059,801011005,49182,51344,51582,54741,56468
2060,801011006,43338,45467,46839,49852,51669
2061,801011007,45025,47393,49115,51800,53284
2062,801011008,43352,45487,46856,49866,51678
2063,801011009,43345,45463,46846,49860,51665
2064,801011010,43324,45460,46837,49843,51657
2065,801011011,45034,47397,49105,51790,53293
2066,801011013,49179,51338,51573,54727,56491
2067,801011014,43338,45473,46843,49864,51678
2068,801011015,43331,45473,46840,49853,51674
2069,801011016,45035,47394,49112,51792,53284
2070,801011017,43339,45469,46846,49858,51658
2071,801011019,43333,45472,46837,49859,51670
2072,801011020,49175,51336,51587,54737,56493
2073,801011021,45021,47394,49118,51801,53286
2074,801011022,43347,45463,46830,49865,51673
2075,801011023,49177,51336,51575,54726,56489
2076,801011024,49176,51352,51587,54719,56476
2077,801011025,43343,45476,46839,49858,51678
2078,801011026,49166,51337,51574,54726,56493
2079,801021027,46428,49118,50257,53339,55864
2080,801021028,43422,46906,48449,49800,52940
2081,801021029,43198,47312,47702,51553,54621
2082,801031030,44951,50715,48800,50503,52171
2083,801031031,43728,46524,48259,51172,53631
2084,801031032,44751,46562,47420,51005,54040
2085,801031033,44575,51790,48407,49466,50530
2086,801041034,48587,50723,55012,58327,60191
2087,801041035,48631,50735,55011,58353,60218
2088,801041036,46589,48573,51129,53027,51663
2089,801041037,40705,41723,45848,50561,57644
2090,801041038,48583,50707,54983,58336,60189
2091,801041039,48291,50892,52697,56339,57556
2092,801041040,46563,48614,51095,53016,51655
2093,801041041,45223,50266,50826,53589,52548
2094,801041042,8471,-,-,-,-
2095,801041043,50287,55063,52455,56978,59074
2096,801041044,48571,50728,55004,58314,60207
2097,801041045,-,19175,-,-,58606
2098,801041046,48294,50893,52696,56347,57559
2099,801041047,48296,50899,52704,56349,57563
2100,801041048,48291,50888,52708,56341,57558
2101,801051049,53023,50900,48592,51614,52364
2102,801051050,47453,51397,52909,56386,58337
2103,801051051,50413,55163,54302,59160,60199
2104,801051052,50366,55144,54242,59071,60134
2105,801051053,53019,50920,48615,51666,52407
2106,801051054,47435,51384,52916,56383,58324
2107,801051055,47439,51400,52913,56380,58339
2108,801051056,47451,51376,52917,56379,58329
2109,801051057,47446,51396,52907,56384,58322
2110,801051058,47446,51380,52909,56385,58328
2111,801051059,50413,55202,54283,59174,60225
2112,801051060,50404,55166,54281,59168,60208
2113,801051061,47451,51388,52910,56376,58321
2114,801061062,67827,72058,69549,74339,80251
2115,801061063,73877,78246,78868,85601,87488
2116,801061064,73838,78233,78893,85617,87473
2117,801061065,61275,64490,64976,69600,72217
2118,801061067,58179,61076,62929,67443,68616
2119,801061068,-,-,-,-,-
2120,801061069,73827,78235,78894,85596,87496
2121,801061070,67819,72063,69570,74362,80238
2122,801071071,45116,47843,49852,52862,54665
2123,801071072,43488,45652,47603,50825,53071
2124,801071073,43498,45650,47600,50815,53057
2125,801071074,43497,45646,47601,50812,53061
2126,801071075,45126,47842,49852,52862,54673
2127,801071076,47790,50799,52292,55702,58630
2128,801071077,43497,45647,47598,50827,53075
2129,801071078,45122,47846,49853,52863,54675
2130,801071079,47795,50782,52287,55710,58639
2131,801071080,44148,49628,51650,54173,54874
2132,801071081,43490,45645,47595,50825,53064
2133,801071082,46157,48462,50265,53239,55303
2134,801071083,47778,50771,52271,55712,58644
2135,801071084,47789,50794,52298,55713,58635
2136,801071085,-,17729,-,-,-
2137,801071086,45466,47909,49862,52127,54359
2138,801071087,43493,45644,47607,50818,53074
2139,801071088,43496,45650,47606,50814,53066
2140,801071089,43776,49486,50904,54187,55104
2141,801071090,45475,47920,49853,52117,54359
2142,801081091,49432,51837,52403,55448,58177
2143,801081092,49449,51833,52386,55422,58186
2144,801081093,49450,51835,52393,55444,58187
2145,801081094,49456,51832,52388,55440,58169
2146,801081095,49456,51826,52395,55435,58191
2147,801081096,49443,51827,52379,55424,58164
2148,801081097,49458,51818,52406,55421,58170
2149,801081098,49451,51837,52400,55429,58191
2150,801091099,50276,53228,54233,56198,57835
2151,801091100,55862,59631,60918,64829,67978
2152,801091101,52327,54233,54723,58754,60836
2153,801091102,55860,59633,60916,64833,67959
2154,801091103,55871,59618,60920,64830,67964
2155,801091104,52327,54229,54722,58720,60811
2156,801091105,50280,53222,54228,56189,57844
2157,801091106,52336,54222,54734,58730,60846
2158,801091107,50357,53302,54281,56244,57943
2159,801091108,52346,54216,54730,58740,60815
2160,801091109,50257,53246,54245,56202,57855
2161,801091110,52328,54208,54719,58739,60848
2162,899999999,41378,43983,45783,48940,50183
2163,901011001,49108,49168,47178,54947,63758
2164,901021002,36151,35813,35741,40406,44176
2165,901031003,32861,34682,34209,36491,38489
2166,999999999,8046,10724,9223,14909,20696
